No,sequence,original_label,predicted_probability,given_label_probability,issue_score,removed_or_kept,author_kept,reproduction_kept
2,AH,1,0.10414980625821023,0.10414980625821023,0.10414980625821023,removed,False,False
4,FVAPFP,1,0.098048517814635,0.098048517814635,0.098048517814635,removed,False,False
7,AHSH,1,0.28565868530787725,0.28565868530787725,0.28565868530787725,removed,False,False
25,FPQN,1,0.09990749574584323,0.09990749574584323,0.09990749574584323,removed,False,False
31,GPTPL,1,0.23742207327406592,0.23742207327406592,0.23742207327406592,removed,False,False
32,GQPR,1,0.2719915383984897,0.2719915383984897,0.2719915383984897,removed,False,False
35,IQPSPV,1,0.18967298582135875,0.18967298582135875,0.18967298582135875,removed,False,False
38,MVV,1,0.08248179930557478,0.08248179930557478,0.08248179930557478,removed,False,False
40,PISS,1,0.12010113129962566,0.12010113129962566,0.12010113129962566,removed,False,False
53,WRFQWQFEQ,1,0.26909453208948897,0.26909453208948897,0.26909453208948897,removed,False,False
55,AQPK,1,0.23450095126737674,0.23450095126737674,0.23450095126737674,removed,False,False
56,AQPR,1,0.4109778089062706,0.4109778089062706,0.4109778089062706,removed,False,False
69,KDVY,1,0.36142060988862484,0.36142060988862484,0.36142060988862484,removed,False,False
72,LPA,1,0.15143249607968762,0.15143249607968762,0.15143249607968762,removed,False,False
79,PA,1,0.13998522951975728,0.13998522951975728,0.13998522951975728,removed,False,False
80,PEGP,1,0.25995386492551975,0.25995386492551975,0.25995386492551975,removed,False,False
83,PEVQKP,1,0.40478382556092285,0.40478382556092285,0.40478382556092285,removed,True,False
84,PGPP,1,0.37349537997458593,0.37349537997458593,0.37349537997458593,removed,False,False
87,PM,1,0.42445284467654454,0.42445284467654454,0.42445284467654454,removed,False,False
88,PPR,1,0.3688328961217784,0.3688328961217784,0.3688328961217784,removed,False,False
91,QPA,1,0.26861307256199135,0.26861307256199135,0.26861307256199135,removed,False,False
94,SPA,1,0.22436848468627388,0.22436848468627388,0.22436848468627388,removed,False,False
95,SPR,1,0.37266476192574793,0.37266476192574793,0.37266476192574793,removed,False,False
111,EK,1,0.18074622777732285,0.18074622777732285,0.18074622777732285,removed,False,False
118,LLK,1,0.3269763123764736,0.3269763123764736,0.3269763123764736,removed,False,False
119,LPK,1,0.24013578149071202,0.24013578149071202,0.24013578149071202,removed,False,False
121,PEP,1,0.2352072759461652,0.2352072759461652,0.2352072759461652,removed,False,False
122,PPL,1,0.11306586255591616,0.11306586255591616,0.11306586255591616,removed,False,False
124,PY,1,0.07472911766196606,0.07472911766196606,0.07472911766196606,removed,False,False
143,TVN,1,0.1983170904203017,0.1983170904203017,0.1983170904203017,removed,False,False
160,YAGFL,1,0.26176576676676355,0.26176576676676355,0.26176576676676355,removed,False,False
163,YNWN,1,0.1840503146830762,0.1840503146830762,0.1840503146830762,removed,False,False
168,GPVH,1,0.2627950579606602,0.2627950579606602,0.2627950579606602,removed,False,False
170,KIFK,1,0.3384980417763808,0.3384980417763808,0.3384980417763808,removed,False,False
182,PRPIK,1,0.35037407516920077,0.35037407516920077,0.35037407516920077,removed,False,False
183,PRRF,1,0.3298008607001413,0.3298008607001413,0.3298008607001413,removed,False,False
186,RPIK,1,0.418247970434182,0.418247970434182,0.418247970434182,removed,False,False
194,VLNIPEHFTAQN,1,0.3861507970021603,0.3861507970021603,0.3861507970021603,removed,False,False
198,DYKV,1,0.345791217130332,0.345791217130332,0.345791217130332,removed,False,False
201,GPLGPIGPPGLP,1,0.2716360685101779,0.2716360685101779,0.2716360685101779,removed,False,False
210,SALAM,0,0.6114742889383324,0.38852571106166756,0.38852571106166756,removed,True,False
212,LGECGGR,0,0.9213473541729418,0.07865264582705822,0.07865264582705822,removed,False,False
222,GEGGP,0,0.7747193213374622,0.22528067866253776,0.22528067866253776,removed,False,False
229,ALNEINQFYQK,0,0.6838851046878192,0.31611489531218084,0.31611489531218084,removed,False,False
234,HDHM,0,0.8953802246650154,0.10461977533498457,0.10461977533498457,removed,False,False
236,GPSMR,0,0.8118830355100807,0.18811696448991932,0.18811696448991932,removed,False,False
247,IVGRPR,0,0.7122745459448359,0.28772545405516414,0.28772545405516414,removed,False,False
254,KVAGPK,0,0.7040399186771767,0.29596008132282325,0.29596008132282325,removed,False,False
268,VPFGVG,0,0.6537557607531467,0.3462442392468533,0.3462442392468533,removed,True,False
272,QLLKLK,0,0.6978348485252592,0.30216515147474077,0.30216515147474077,removed,False,False
274,PKLPPVKK,0,0.7326305759059679,0.2673694240940321,0.2673694240940321,removed,False,False
277,GPK,0,0.7241396265637128,0.2758603734362872,0.2758603734362872,removed,False,False
279,RMLGQ,0,0.7070757646613403,0.29292423533865974,0.29292423533865974,removed,False,False
290,GVPKVKETMVPK,0,0.9210998811244955,0.07890011887550452,0.07890011887550452,removed,False,False
293,KR,0,0.6146234627574831,0.38537653724251686,0.38537653724251686,removed,True,False
294,TDQHQDKIYP,0,0.6520398495796559,0.3479601504203441,0.3479601504203441,removed,False,False
317,GFPGTPGLPGF,0,0.8995496664236843,0.10045033357631572,0.10045033357631572,removed,False,False
328,TGGGNV,0,0.8574240762871218,0.1425759237128782,0.1425759237128782,removed,False,False
340,MM,0,0.8411475092426232,0.15885249075737684,0.15885249075737684,removed,False,False
342,EKERERQ,0,0.9864100441861822,0.013589955813817833,0.013589955813817833,removed,False,False
358,LAHKAL,0,0.651356518253251,0.348643481746749,0.348643481746749,removed,False,False
391,EGEPR,0,0.6220785279965269,0.37792147200347315,0.37792147200347315,removed,True,False
393,EDENNPFYLR,0,0.7836895397760271,0.21631046022397293,0.21631046022397293,removed,False,False
396,GVQGPM,0,0.6538521645386266,0.3461478354613734,0.3461478354613734,removed,False,False
408,KDERF,0,0.6263962652520727,0.3736037347479273,0.3736037347479273,removed,False,False
415,RPKHPIKH,0,0.6478146592450025,0.3521853407549975,0.3521853407549975,removed,True,False
419,DVITGA,0,0.7485575455976046,0.25144245440239543,0.25144245440239543,removed,False,False
