experiment,model,metric,paper_mean,paper_std,reproduced_mean,reproduced_std,absolute_difference,relative_difference,paper_parameters,paper_source
A_author_cleaned_code_grid,LR,balanced_accuracy,0.903,0.09,0.9457682284717484,0.031639803607172626,0.042768228471748326,0.04736237925996492,"{C=1, class_weight='balanced', max_iter=5000, solver='saga'}",Supplementary Table S2; caption/body evaluation ambiguity
F_TableS2_fixed_parameters,LR,balanced_accuracy,0.903,0.09,0.9296713737805662,0.0333696270511583,0.026671373780566165,0.029536405072609264,"{C=1, class_weight='balanced', max_iter=5000, solver='saga'}",Supplementary Table S2; caption/body evaluation ambiguity
A_author_cleaned_code_grid,LR,recall,0.896,0.138,0.9471340159575454,0.03790369068591921,0.05113401595754541,0.05706921423833193,"{C=1, class_weight='balanced', max_iter=5000, solver='saga'}",Supplementary Table S2; caption/body evaluation ambiguity
F_TableS2_fixed_parameters,LR,recall,0.896,0.138,0.9296212213859272,0.04741674836641472,0.03362122138592716,0.03752368458250799,"{C=1, class_weight='balanced', max_iter=5000, solver='saga'}",Supplementary Table S2; caption/body evaluation ambiguity
A_author_cleaned_code_grid,LR,precision,0.922,0.104,0.9446161608053089,0.03906184065282512,0.022616160805308816,0.024529458574087653,"{C=1, class_weight='balanced', max_iter=5000, solver='saga'}",Supplementary Table S2; caption/body evaluation ambiguity
F_TableS2_fixed_parameters,LR,precision,0.922,0.104,0.9294412126954821,0.03539088041274041,0.007441212695482036,0.00807072960464429,"{C=1, class_weight='balanced', max_iter=5000, solver='saga'}",Supplementary Table S2; caption/body evaluation ambiguity
A_author_cleaned_code_grid,LR,mcc,0.822,0.172,0.8916060446546631,0.06379229658918925,0.06960604465466314,0.08467888644119603,"{C=1, class_weight='balanced', max_iter=5000, solver='saga'}",Supplementary Table S2; caption/body evaluation ambiguity
F_TableS2_fixed_parameters,LR,mcc,0.822,0.172,0.8594073277090747,0.06648325306130252,0.037407327709074734,0.0455076979429133,"{C=1, class_weight='balanced', max_iter=5000, solver='saga'}",Supplementary Table S2; caption/body evaluation ambiguity
A_author_cleaned_code_grid,RF,balanced_accuracy,0.94,0.026,0.9388185630700706,0.029978571123747553,0.001181436929929336,0.001256847797797166,"{'max_depth': 4, 'max_features': 'sqrt', 'n_estimators': 160}",Supplementary Table S2; caption/body evaluation ambiguity
F_TableS2_fixed_parameters,RF,balanced_accuracy,0.94,0.026,0.9356998683384725,0.032643109909938885,0.004300131661527429,0.004574608150561095,"{'max_depth': 4, 'max_features': 'sqrt', 'n_estimators': 160}",Supplementary Table S2; caption/body evaluation ambiguity
A_author_cleaned_code_grid,RF,recall,0.917,0.043,0.9097560606479013,0.04905686992901541,0.007243939352098772,0.007899606708940863,"{'max_depth': 4, 'max_features': 'sqrt', 'n_estimators': 160}",Supplementary Table S2; caption/body evaluation ambiguity
F_TableS2_fixed_parameters,RF,recall,0.917,0.043,0.9183411162917805,0.039143603190713736,0.0013411162917804642,0.0014625041349841485,"{'max_depth': 4, 'max_features': 'sqrt', 'n_estimators': 160}",Supplementary Table S2; caption/body evaluation ambiguity
A_author_cleaned_code_grid,RF,precision,0.965,0.02,0.9649139619949507,0.018534986393428782,8.60380050492493e-05,8.915855445518062e-05,"{'max_depth': 4, 'max_features': 'sqrt', 'n_estimators': 160}",Supplementary Table S2; caption/body evaluation ambiguity
F_TableS2_fixed_parameters,RF,precision,0.965,0.02,0.9511593379556966,0.03466358360820496,0.013840662044303342,0.014342654968189993,"{'max_depth': 4, 'max_features': 'sqrt', 'n_estimators': 160}",Supplementary Table S2; caption/body evaluation ambiguity
A_author_cleaned_code_grid,RF,mcc,0.878,0.052,0.8783796580580214,0.059755543108213016,0.00037965805802142594,0.00043241236676699993,"{'max_depth': 4, 'max_features': 'sqrt', 'n_estimators': 160}",Supplementary Table S2; caption/body evaluation ambiguity
F_TableS2_fixed_parameters,RF,mcc,0.878,0.052,0.8713073179835492,0.06621266888847198,0.0066926820164507905,0.0076226446656614925,"{'max_depth': 4, 'max_features': 'sqrt', 'n_estimators': 160}",Supplementary Table S2; caption/body evaluation ambiguity
A_author_cleaned_code_grid,KNN,balanced_accuracy,0.903,0.306,0.9037867147670438,0.04080114925413783,0.000786714767043728,0.0008712234408014706,"{'algorithm': 'auto', 'leaf_size': 10, 'n_neighbors': 3, 'weights': 'uniform'}",Supplementary Table S2; caption/body evaluation ambiguity
F_TableS2_fixed_parameters,KNN,balanced_accuracy,0.903,0.306,0.9112320249243286,0.029244767930155652,0.008232024924328618,0.009116306671460263,"{'algorithm': 'auto', 'leaf_size': 10, 'n_neighbors': 3, 'weights': 'uniform'}",Supplementary Table S2; caption/body evaluation ambiguity
A_author_cleaned_code_grid,KNN,recall,0.9,0.043,0.9067737488420601,0.0501979152262145,0.006773748842060057,0.007526387602288952,"{'algorithm': 'auto', 'leaf_size': 10, 'n_neighbors': 3, 'weights': 'uniform'}",Supplementary Table S2; caption/body evaluation ambiguity
F_TableS2_fixed_parameters,KNN,recall,0.9,0.043,0.9132019417408411,0.04388645669261073,0.013201941740841105,0.014668824156490116,"{'algorithm': 'auto', 'leaf_size': 10, 'n_neighbors': 3, 'weights': 'uniform'}",Supplementary Table S2; caption/body evaluation ambiguity
A_author_cleaned_code_grid,KNN,precision,0.911,0.042,0.8997191327717893,0.04524291942459073,0.011280867228210756,0.012382949756543091,"{'algorithm': 'auto', 'leaf_size': 10, 'n_neighbors': 3, 'weights': 'uniform'}",Supplementary Table S2; caption/body evaluation ambiguity
F_TableS2_fixed_parameters,KNN,precision,0.911,0.042,0.9111930009819005,0.05270864945469617,0.00019300098190044856,0.00021185618210806649,"{'algorithm': 'auto', 'leaf_size': 10, 'n_neighbors': 3, 'weights': 'uniform'}",Supplementary Table S2; caption/body evaluation ambiguity
A_author_cleaned_code_grid,KNN,mcc,0.806,0.074,0.8083733540617815,0.08120889348523501,0.0023733540617814075,0.00294460801709852,"{'algorithm': 'auto', 'leaf_size': 10, 'n_neighbors': 3, 'weights': 'uniform'}",Supplementary Table S2; caption/body evaluation ambiguity
F_TableS2_fixed_parameters,KNN,mcc,0.806,0.074,0.8247325363231145,0.059024245849372256,0.018732536323114446,0.02324136020237524,"{'algorithm': 'auto', 'leaf_size': 10, 'n_neighbors': 3, 'weights': 'uniform'}",Supplementary Table S2; caption/body evaluation ambiguity
A_author_cleaned_code_grid,SVM,balanced_accuracy,0.963,0.022,0.9578792934675289,0.032325033127400975,0.005120706532471098,0.005317452266325127,"{'C': 10, 'degree': 1, 'kernel': 'poly', 'tol': 1e-05}",Supplementary Table S2; caption/body evaluation ambiguity
B_author_cleaned_MCC_grid,SVM,balanced_accuracy,0.963,0.022,0.9578792934675289,0.032325033127400975,0.005120706532471098,0.005317452266325127,"{'C': 10, 'degree': 1, 'kernel': 'poly', 'tol': 1e-05}",Supplementary Table S2; caption/body evaluation ambiguity
C_independent_ESM_CleanLab_code_grid,SVM,balanced_accuracy,0.963,0.022,0.9529672165711631,0.019188560321769743,0.010032783428836844,0.010418259012291636,"{'C': 10, 'degree': 1, 'kernel': 'poly', 'tol': 1e-05}",Supplementary Table S2; caption/body evaluation ambiguity
F_TableS2_fixed_parameters,SVM,balanced_accuracy,0.963,0.022,0.9301261133559489,0.03135430809770212,0.03287388664405111,0.03413695393982462,"{'C': 10, 'degree': 1, 'kernel': 'poly', 'tol': 1e-05}",Supplementary Table S2; caption/body evaluation ambiguity
A_author_cleaned_code_grid,SVM,recall,0.976,0.024,0.9529423252952665,0.03501605764065028,0.023057674704733522,0.02362466670566959,"{'C': 10, 'degree': 1, 'kernel': 'poly', 'tol': 1e-05}",Supplementary Table S2; caption/body evaluation ambiguity
B_author_cleaned_MCC_grid,SVM,recall,0.976,0.024,0.9529423252952665,0.03501605764065028,0.023057674704733522,0.02362466670566959,"{'C': 10, 'degree': 1, 'kernel': 'poly', 'tol': 1e-05}",Supplementary Table S2; caption/body evaluation ambiguity
C_independent_ESM_CleanLab_code_grid,SVM,recall,0.976,0.024,0.9701676342580041,0.023643222010863295,0.00583236574199586,0.005975784571717069,"{'C': 10, 'degree': 1, 'kernel': 'poly', 'tol': 1e-05}",Supplementary Table S2; caption/body evaluation ambiguity
F_TableS2_fixed_parameters,SVM,recall,0.976,0.024,0.9320070708306002,0.05105430653525914,0.043992929169399786,0.04507472250963093,"{'C': 10, 'degree': 1, 'kernel': 'poly', 'tol': 1e-05}",Supplementary Table S2; caption/body evaluation ambiguity
A_author_cleaned_code_grid,SVM,precision,0.951,0.03,0.9615549401578812,0.04359665831972931,0.010554940157881276,0.0110987803973515,"{'C': 10, 'degree': 1, 'kernel': 'poly', 'tol': 1e-05}",Supplementary Table S2; caption/body evaluation ambiguity
B_author_cleaned_MCC_grid,SVM,precision,0.951,0.03,0.9615549401578812,0.04359665831972931,0.010554940157881276,0.0110987803973515,"{'C': 10, 'degree': 1, 'kernel': 'poly', 'tol': 1e-05}",Supplementary Table S2; caption/body evaluation ambiguity
C_independent_ESM_CleanLab_code_grid,SVM,precision,0.951,0.03,0.9321720413146559,0.04203800407906436,0.018827958685344037,0.01979806381213884,"{'C': 10, 'degree': 1, 'kernel': 'poly', 'tol': 1e-05}",Supplementary Table S2; caption/body evaluation ambiguity
F_TableS2_fixed_parameters,SVM,precision,0.951,0.03,0.9258449587861353,0.03889096343032659,0.025155041213864693,0.026451147438343526,"{'C': 10, 'degree': 1, 'kernel': 'poly', 'tol': 1e-05}",Supplementary Table S2; caption/body evaluation ambiguity
A_author_cleaned_code_grid,SVM,mcc,0.927,0.044,0.9153828545312617,0.06425744432105013,0.011617145468738377,0.012531980009426512,"{'C': 10, 'degree': 1, 'kernel': 'poly', 'tol': 1e-05}",Supplementary Table S2; caption/body evaluation ambiguity
B_author_cleaned_MCC_grid,SVM,mcc,0.927,0.044,0.9153828545312617,0.06425744432105013,0.011617145468738377,0.012531980009426512,"{'C': 10, 'degree': 1, 'kernel': 'poly', 'tol': 1e-05}",Supplementary Table S2; caption/body evaluation ambiguity
C_independent_ESM_CleanLab_code_grid,SVM,mcc,0.927,0.044,0.9053184308942821,0.03948058002580043,0.021681569105717946,0.023388963436588937,"{'C': 10, 'degree': 1, 'kernel': 'poly', 'tol': 1e-05}",Supplementary Table S2; caption/body evaluation ambiguity
F_TableS2_fixed_parameters,SVM,mcc,0.927,0.044,0.8599244883357127,0.061380072372431885,0.06707551166428738,0.0723576177608278,"{'C': 10, 'degree': 1, 'kernel': 'poly', 'tol': 1e-05}",Supplementary Table S2; caption/body evaluation ambiguity
A_author_cleaned_code_grid,LightGBM,balanced_accuracy,0.942,0.018,0.9400193351656794,0.016557923953522277,0.001980664834320578,0.002102616596943289,"{boosting='gbdt', learning_rate=0.5, n_estimators=40,objective='binary', reg_lambda=0}",Supplementary Table S2; caption/body evaluation ambiguity
F_TableS2_fixed_parameters,LightGBM,balanced_accuracy,0.942,0.018,0.9418708902495325,0.015003257834969055,0.00012910975046742657,0.0001370591830864401,"{boosting='gbdt', learning_rate=0.5, n_estimators=40,objective='binary', reg_lambda=0}",Supplementary Table S2; caption/body evaluation ambiguity
A_author_cleaned_code_grid,LightGBM,recall,0.937,0.026,0.9350299441570789,0.03501800359158271,0.0019700558429212034,0.0021025142400439736,"{boosting='gbdt', learning_rate=0.5, n_estimators=40,objective='binary', reg_lambda=0}",Supplementary Table S2; caption/body evaluation ambiguity
F_TableS2_fixed_parameters,LightGBM,recall,0.937,0.026,0.9359341253648654,0.033466179099579656,0.0010658746351346338,0.0011375396319473145,"{boosting='gbdt', learning_rate=0.5, n_estimators=40,objective='binary', reg_lambda=0}",Supplementary Table S2; caption/body evaluation ambiguity
A_author_cleaned_code_grid,LightGBM,precision,0.947,0.031,0.9425516857846704,0.016963380087328984,0.004448314215329541,0.004697269498764035,"{boosting='gbdt', learning_rate=0.5, n_estimators=40,objective='binary', reg_lambda=0}",Supplementary Table S2; caption/body evaluation ambiguity
F_TableS2_fixed_parameters,LightGBM,precision,0.947,0.031,0.9461412645758622,0.026818354126287195,0.0008587354241377243,0.0009067955904305432,"{boosting='gbdt', learning_rate=0.5, n_estimators=40,objective='binary', reg_lambda=0}",Supplementary Table S2; caption/body evaluation ambiguity
A_author_cleaned_code_grid,LightGBM,mcc,0.883,0.034,0.8797250921233202,0.03412872488505571,0.0032749078766798334,0.0037088424424460173,"{boosting='gbdt', learning_rate=0.5, n_estimators=40,objective='binary', reg_lambda=0}",Supplementary Table S2; caption/body evaluation ambiguity
F_TableS2_fixed_parameters,LightGBM,mcc,0.883,0.034,0.8853287090311579,0.02910462306666592,0.002328709031157894,0.0026372695709602424,"{boosting='gbdt', learning_rate=0.5, n_estimators=40,objective='binary', reg_lambda=0}",Supplementary Table S2; caption/body evaluation ambiguity
D_author_LSTM_split42_harness_seed0,LSTM,balanced_accuracy,0.964,0.016,0.9268398268398268,,0.03716017316017317,0.03854789746905931,Described in the paper,Supplementary Table S2; caption/body evaluation ambiguity
E_independent_LSTM_10_splits,LSTM,balanced_accuracy,0.964,0.016,0.9450399645920813,0.030594925287852057,0.018960035407918685,0.019668086522737226,Described in the paper,Supplementary Table S2; caption/body evaluation ambiguity
D_author_LSTM_split42_harness_seed0,LSTM,recall,0.96,0.037,0.9142857142857144,,0.045714285714285596,0.0476190476190475,Described in the paper,Supplementary Table S2; caption/body evaluation ambiguity
E_independent_LSTM_10_splits,LSTM,recall,0.96,0.037,0.9432465056184223,0.0325640552975305,0.016753494381577694,0.017451556647476767,Described in the paper,Supplementary Table S2; caption/body evaluation ambiguity
D_author_LSTM_split42_harness_seed0,LSTM,precision,0.96,0.039,0.9411764705882352,,0.018823529411764794,0.019607843137254995,Described in the paper,Supplementary Table S2; caption/body evaluation ambiguity
E_independent_LSTM_10_splits,LSTM,precision,0.96,0.039,0.9479569942011892,0.043217749322993326,0.01204300579881079,0.012544797707094574,Described in the paper,Supplementary Table S2; caption/body evaluation ambiguity
D_author_LSTM_split42_harness_seed0,LSTM,mcc,0.924,0.029,0.8533103351879247,,0.07068966481207539,0.07650396624683484,Described in the paper,Supplementary Table S2; caption/body evaluation ambiguity
E_independent_LSTM_10_splits,LSTM,mcc,0.924,0.029,0.8914438965320934,0.062443013868243795,0.032556103467906605,0.035233878212020134,Described in the paper,Supplementary Table S2; caption/body evaluation ambiguity
