mean_fit_time,std_fit_time,mean_score_time,std_score_time,param_C,param_degree,param_kernel,param_tol,params,split0_test_score,split1_test_score,split2_test_score,split3_test_score,split4_test_score,split5_test_score,split6_test_score,split7_test_score,split8_test_score,split9_test_score,mean_test_score,std_test_score,rank_test_score
0.0032753229141235353,0.0001383787697535347,0.0005173444747924805,9.766309789121116e-05,0.001,1,linear,1e-05,"{'C': 0.001, 'degree': 1, 'kernel': 'linear', 'tol': 1e-05}",0.5172413793103449,0.5172413793103449,0.5,0.5,0.5,0.5357142857142857,0.5357142857142857,0.5357142857142857,0.5357142857142857,0.5357142857142857,0.5213054187192118,0.015597668650939853,200
0.0034050941467285156,0.00020169450867280346,0.0005204916000366211,0.0001142649713643005,0.001,1,poly,1e-05,"{'C': 0.001, 'degree': 1, 'kernel': 'poly', 'tol': 1e-05}",0.5172413793103449,0.5172413793103449,0.5,0.5,0.5,0.5357142857142857,0.5357142857142857,0.5357142857142857,0.5357142857142857,0.5357142857142857,0.5213054187192118,0.015597668650939853,200
0.003612375259399414,0.00012729155211255646,0.0008741617202758789,8.363003642683319e-05,0.001,1,rbf,1e-05,"{'C': 0.001, 'degree': 1, 'kernel': 'rbf', 'tol': 1e-05}",0.5172413793103449,0.5172413793103449,0.5,0.5,0.5,0.5357142857142857,0.5357142857142857,0.5357142857142857,0.5357142857142857,0.5357142857142857,0.5213054187192118,0.015597668650939853,200
0.003658103942871094,0.00011192302640457799,0.000527644157409668,9.330817754644865e-05,0.001,1,sigmoid,1e-05,"{'C': 0.001, 'degree': 1, 'kernel': 'sigmoid', 'tol': 1e-05}",0.5172413793103449,0.5172413793103449,0.5,0.5,0.5,0.5357142857142857,0.5357142857142857,0.5357142857142857,0.5357142857142857,0.5357142857142857,0.5213054187192118,0.015597668650939853,200
0.003364229202270508,0.00020204947594619545,0.00045404434204101565,3.294220111839323e-05,0.001,3,linear,1e-05,"{'C': 0.001, 'degree': 3, 'kernel': 'linear', 'tol': 1e-05}",0.5172413793103449,0.5172413793103449,0.5,0.5,0.5,0.5357142857142857,0.5357142857142857,0.5357142857142857,0.5357142857142857,0.5357142857142857,0.5213054187192118,0.015597668650939853,200
0.0035792112350463865,0.00016114411927656614,0.0004782676696777344,4.11652996712898e-05,0.001,3,poly,1e-05,"{'C': 0.001, 'degree': 3, 'kernel': 'poly', 'tol': 1e-05}",0.5172413793103449,0.5172413793103449,0.5,0.5,0.5,0.5357142857142857,0.5357142857142857,0.5357142857142857,0.5357142857142857,0.5357142857142857,0.5213054187192118,0.015597668650939853,200
0.0036994457244873048,7.715670215613364e-05,0.0009879112243652345,0.0002037316598891305,0.001,3,rbf,1e-05,"{'C': 0.001, 'degree': 3, 'kernel': 'rbf', 'tol': 1e-05}",0.5172413793103449,0.5172413793103449,0.5,0.5,0.5,0.5357142857142857,0.5357142857142857,0.5357142857142857,0.5357142857142857,0.5357142857142857,0.5213054187192118,0.015597668650939853,200
0.0038821935653686524,0.0002059967553492237,0.0005568265914916992,0.0001090701940412621,0.001,3,sigmoid,1e-05,"{'C': 0.001, 'degree': 3, 'kernel': 'sigmoid', 'tol': 1e-05}",0.5172413793103449,0.5172413793103449,0.5,0.5,0.5,0.5357142857142857,0.5357142857142857,0.5357142857142857,0.5357142857142857,0.5357142857142857,0.5213054187192118,0.015597668650939853,200
0.0034143209457397463,0.00015758562891612444,0.0004611492156982422,2.8910806385784863e-05,0.001,5,linear,1e-05,"{'C': 0.001, 'degree': 5, 'kernel': 'linear', 'tol': 1e-05}",0.5172413793103449,0.5172413793103449,0.5,0.5,0.5,0.5357142857142857,0.5357142857142857,0.5357142857142857,0.5357142857142857,0.5357142857142857,0.5213054187192118,0.015597668650939853,200
0.0036771297454833984,0.00028905335996901976,0.0005308151245117188,8.47500215382384e-05,0.001,5,poly,1e-05,"{'C': 0.001, 'degree': 5, 'kernel': 'poly', 'tol': 1e-05}",0.5172413793103449,0.5172413793103449,0.5,0.5,0.5,0.5357142857142857,0.5357142857142857,0.5357142857142857,0.5357142857142857,0.5357142857142857,0.5213054187192118,0.015597668650939853,200
0.003903651237487793,0.0003572880632615627,0.0009276390075683594,0.00012709145169720188,0.001,5,rbf,1e-05,"{'C': 0.001, 'degree': 5, 'kernel': 'rbf', 'tol': 1e-05}",0.5172413793103449,0.5172413793103449,0.5,0.5,0.5,0.5357142857142857,0.5357142857142857,0.5357142857142857,0.5357142857142857,0.5357142857142857,0.5213054187192118,0.015597668650939853,200
0.00381772518157959,0.0001619176051167145,0.0005041837692260742,3.3031437864799075e-05,0.001,5,sigmoid,1e-05,"{'C': 0.001, 'degree': 5, 'kernel': 'sigmoid', 'tol': 1e-05}",0.5172413793103449,0.5172413793103449,0.5,0.5,0.5,0.5357142857142857,0.5357142857142857,0.5357142857142857,0.5357142857142857,0.5357142857142857,0.5213054187192118,0.015597668650939853,200
0.0033501148223876952,0.00018346845514900746,0.0005127668380737304,0.00013514981914013085,0.001,7,linear,1e-05,"{'C': 0.001, 'degree': 7, 'kernel': 'linear', 'tol': 1e-05}",0.5172413793103449,0.5172413793103449,0.5,0.5,0.5,0.5357142857142857,0.5357142857142857,0.5357142857142857,0.5357142857142857,0.5357142857142857,0.5213054187192118,0.015597668650939853,200
0.0034540653228759765,0.00019632756502945516,0.0004671812057495117,4.721329024151976e-05,0.001,7,poly,1e-05,"{'C': 0.001, 'degree': 7, 'kernel': 'poly', 'tol': 1e-05}",0.5172413793103449,0.5172413793103449,0.5,0.5,0.5,0.5357142857142857,0.5357142857142857,0.5357142857142857,0.5357142857142857,0.5357142857142857,0.5213054187192118,0.015597668650939853,200
0.0037975549697875977,0.0001977222526039898,0.0008844375610351562,4.204073414787242e-05,0.001,7,rbf,1e-05,"{'C': 0.001, 'degree': 7, 'kernel': 'rbf', 'tol': 1e-05}",0.5172413793103449,0.5172413793103449,0.5,0.5,0.5,0.5357142857142857,0.5357142857142857,0.5357142857142857,0.5357142857142857,0.5357142857142857,0.5213054187192118,0.015597668650939853,200
0.0036952018737792967,0.00018768436540010162,0.0005379915237426758,8.450250362838751e-05,0.001,7,sigmoid,1e-05,"{'C': 0.001, 'degree': 7, 'kernel': 'sigmoid', 'tol': 1e-05}",0.5172413793103449,0.5172413793103449,0.5,0.5,0.5,0.5357142857142857,0.5357142857142857,0.5357142857142857,0.5357142857142857,0.5357142857142857,0.5213054187192118,0.015597668650939853,200
0.003405332565307617,0.00016295535767676237,0.0004759788513183594,4.115193079841998e-05,0.001,9,linear,1e-05,"{'C': 0.001, 'degree': 9, 'kernel': 'linear', 'tol': 1e-05}",0.5172413793103449,0.5172413793103449,0.5,0.5,0.5,0.5357142857142857,0.5357142857142857,0.5357142857142857,0.5357142857142857,0.5357142857142857,0.5213054187192118,0.015597668650939853,200
0.0034276247024536133,0.00011343951233297202,0.000533437728881836,0.00013471701251823194,0.001,9,poly,1e-05,"{'C': 0.001, 'degree': 9, 'kernel': 'poly', 'tol': 1e-05}",0.5172413793103449,0.5172413793103449,0.5,0.5,0.5,0.5357142857142857,0.5357142857142857,0.5357142857142857,0.5357142857142857,0.5357142857142857,0.5213054187192118,0.015597668650939853,200
0.003693222999572754,0.00018636179291153256,0.0008703470230102539,8.440389800085911e-05,0.001,9,rbf,1e-05,"{'C': 0.001, 'degree': 9, 'kernel': 'rbf', 'tol': 1e-05}",0.5172413793103449,0.5172413793103449,0.5,0.5,0.5,0.5357142857142857,0.5357142857142857,0.5357142857142857,0.5357142857142857,0.5357142857142857,0.5213054187192118,0.015597668650939853,200
0.0036696910858154295,0.0001665786712147742,0.000493621826171875,3.9056893035693795e-05,0.001,9,sigmoid,1e-05,"{'C': 0.001, 'degree': 9, 'kernel': 'sigmoid', 'tol': 1e-05}",0.5172413793103449,0.5172413793103449,0.5,0.5,0.5,0.5357142857142857,0.5357142857142857,0.5357142857142857,0.5357142857142857,0.5357142857142857,0.5213054187192118,0.015597668650939853,200
0.003163933753967285,0.0001681706450942245,0.0004602670669555664,6.199765601055973e-05,0.01,1,linear,1e-05,"{'C': 0.01, 'degree': 1, 'kernel': 'linear', 'tol': 1e-05}",0.7241379310344828,0.6896551724137931,0.8214285714285714,0.6785714285714286,0.75,0.7857142857142857,0.7142857142857143,0.9285714285714286,0.8928571428571429,0.8214285714285714,0.7806650246305419,0.08065975991543652,184
0.0033454179763793947,0.000176986417019188,0.00048825740814208987,8.820027475431148e-05,0.01,1,poly,1e-05,"{'C': 0.01, 'degree': 1, 'kernel': 'poly', 'tol': 1e-05}",0.5172413793103449,0.5172413793103449,0.5,0.5,0.5,0.5357142857142857,0.5357142857142857,0.5357142857142857,0.5357142857142857,0.5357142857142857,0.5213054187192118,0.015597668650939853,200
0.003642582893371582,0.00019042008323255568,0.0008577823638916016,6.682254794668946e-05,0.01,1,rbf,1e-05,"{'C': 0.01, 'degree': 1, 'kernel': 'rbf', 'tol': 1e-05}",0.5172413793103449,0.5172413793103449,0.5,0.5,0.5,0.5357142857142857,0.5357142857142857,0.5357142857142857,0.5357142857142857,0.5357142857142857,0.5213054187192118,0.015597668650939853,200
0.003740668296813965,0.00024268372327592908,0.0005154609680175781,5.142473761035468e-05,0.01,1,sigmoid,1e-05,"{'C': 0.01, 'degree': 1, 'kernel': 'sigmoid', 'tol': 1e-05}",0.5172413793103449,0.5172413793103449,0.5,0.5,0.5,0.5357142857142857,0.5357142857142857,0.5357142857142857,0.5357142857142857,0.5357142857142857,0.5213054187192118,0.015597668650939853,200
0.0031069278717041015,0.0001967216300718019,0.0004298925399780273,6.128484069475614e-05,0.01,3,linear,1e-05,"{'C': 0.01, 'degree': 3, 'kernel': 'linear', 'tol': 1e-05}",0.7241379310344828,0.6896551724137931,0.8214285714285714,0.6785714285714286,0.75,0.7857142857142857,0.7142857142857143,0.9285714285714286,0.8928571428571429,0.8214285714285714,0.7806650246305419,0.08065975991543652,184
0.0033262491226196287,0.00019415255229816847,0.00046160221099853513,5.341411103820627e-05,0.01,3,poly,1e-05,"{'C': 0.01, 'degree': 3, 'kernel': 'poly', 'tol': 1e-05}",0.5172413793103449,0.5172413793103449,0.5,0.5,0.5,0.5357142857142857,0.5357142857142857,0.5357142857142857,0.5357142857142857,0.5357142857142857,0.5213054187192118,0.015597668650939853,200
0.0037108659744262695,0.0002196288152694971,0.0008633852005004883,6.27491294238588e-05,0.01,3,rbf,1e-05,"{'C': 0.01, 'degree': 3, 'kernel': 'rbf', 'tol': 1e-05}",0.5172413793103449,0.5172413793103449,0.5,0.5,0.5,0.5357142857142857,0.5357142857142857,0.5357142857142857,0.5357142857142857,0.5357142857142857,0.5213054187192118,0.015597668650939853,200
0.0036883115768432616,0.00016823111103601726,0.0005046367645263672,5.549042742725253e-05,0.01,3,sigmoid,1e-05,"{'C': 0.01, 'degree': 3, 'kernel': 'sigmoid', 'tol': 1e-05}",0.5172413793103449,0.5172413793103449,0.5,0.5,0.5,0.5357142857142857,0.5357142857142857,0.5357142857142857,0.5357142857142857,0.5357142857142857,0.5213054187192118,0.015597668650939853,200
0.003090381622314453,0.00015324570008133715,0.0004677534103393555,0.00010134373989776031,0.01,5,linear,1e-05,"{'C': 0.01, 'degree': 5, 'kernel': 'linear', 'tol': 1e-05}",0.7241379310344828,0.6896551724137931,0.8214285714285714,0.6785714285714286,0.75,0.7857142857142857,0.7142857142857143,0.9285714285714286,0.8928571428571429,0.8214285714285714,0.7806650246305419,0.08065975991543652,184
0.003446531295776367,0.00017714432399203265,0.00048174858093261717,5.849795035049273e-05,0.01,5,poly,1e-05,"{'C': 0.01, 'degree': 5, 'kernel': 'poly', 'tol': 1e-05}",0.5172413793103449,0.5172413793103449,0.5,0.5,0.5,0.5357142857142857,0.5357142857142857,0.5357142857142857,0.5357142857142857,0.5357142857142857,0.5213054187192118,0.015597668650939853,200
0.003645586967468262,0.0001555448017690514,0.0008793354034423828,8.46002921888952e-05,0.01,5,rbf,1e-05,"{'C': 0.01, 'degree': 5, 'kernel': 'rbf', 'tol': 1e-05}",0.5172413793103449,0.5172413793103449,0.5,0.5,0.5,0.5357142857142857,0.5357142857142857,0.5357142857142857,0.5357142857142857,0.5357142857142857,0.5213054187192118,0.015597668650939853,200
0.0036609888076782225,0.00020951041422390351,0.0004914283752441406,4.711078728185244e-05,0.01,5,sigmoid,1e-05,"{'C': 0.01, 'degree': 5, 'kernel': 'sigmoid', 'tol': 1e-05}",0.5172413793103449,0.5172413793103449,0.5,0.5,0.5,0.5357142857142857,0.5357142857142857,0.5357142857142857,0.5357142857142857,0.5357142857142857,0.5213054187192118,0.015597668650939853,200
0.0030477046966552734,0.00015400050121245533,0.00043509006500244143,6.773836038123838e-05,0.01,7,linear,1e-05,"{'C': 0.01, 'degree': 7, 'kernel': 'linear', 'tol': 1e-05}",0.7241379310344828,0.6896551724137931,0.8214285714285714,0.6785714285714286,0.75,0.7857142857142857,0.7142857142857143,0.9285714285714286,0.8928571428571429,0.8214285714285714,0.7806650246305419,0.08065975991543652,184
0.0032875537872314453,4.866648252720402e-05,0.00043027400970458985,2.6154865864169454e-05,0.01,7,poly,1e-05,"{'C': 0.01, 'degree': 7, 'kernel': 'poly', 'tol': 1e-05}",0.5172413793103449,0.5172413793103449,0.5,0.5,0.5,0.5357142857142857,0.5357142857142857,0.5357142857142857,0.5357142857142857,0.5357142857142857,0.5213054187192118,0.015597668650939853,200
0.003676319122314453,0.00012943196359735618,0.0008563756942749024,4.083233319948858e-05,0.01,7,rbf,1e-05,"{'C': 0.01, 'degree': 7, 'kernel': 'rbf', 'tol': 1e-05}",0.5172413793103449,0.5172413793103449,0.5,0.5,0.5,0.5357142857142857,0.5357142857142857,0.5357142857142857,0.5357142857142857,0.5357142857142857,0.5213054187192118,0.015597668650939853,200
0.0036449432373046875,0.00012169286929019117,0.0004958152770996094,3.0174261399375804e-05,0.01,7,sigmoid,1e-05,"{'C': 0.01, 'degree': 7, 'kernel': 'sigmoid', 'tol': 1e-05}",0.5172413793103449,0.5172413793103449,0.5,0.5,0.5,0.5357142857142857,0.5357142857142857,0.5357142857142857,0.5357142857142857,0.5357142857142857,0.5213054187192118,0.015597668650939853,200
0.0029576301574707033,6.024274678995869e-05,0.00039844512939453126,2.1161525938568114e-05,0.01,9,linear,1e-05,"{'C': 0.01, 'degree': 9, 'kernel': 'linear', 'tol': 1e-05}",0.7241379310344828,0.6896551724137931,0.8214285714285714,0.6785714285714286,0.75,0.7857142857142857,0.7142857142857143,0.9285714285714286,0.8928571428571429,0.8214285714285714,0.7806650246305419,0.08065975991543652,184
0.0033396244049072265,0.00013390658884567382,0.00045897960662841795,3.4315457794711874e-05,0.01,9,poly,1e-05,"{'C': 0.01, 'degree': 9, 'kernel': 'poly', 'tol': 1e-05}",0.5172413793103449,0.5172413793103449,0.5,0.5,0.5,0.5357142857142857,0.5357142857142857,0.5357142857142857,0.5357142857142857,0.5357142857142857,0.5213054187192118,0.015597668650939853,200
0.004256749153137207,0.001228138050693728,0.0010721921920776368,0.000390847692147651,0.01,9,rbf,1e-05,"{'C': 0.01, 'degree': 9, 'kernel': 'rbf', 'tol': 1e-05}",0.5172413793103449,0.5172413793103449,0.5,0.5,0.5,0.5357142857142857,0.5357142857142857,0.5357142857142857,0.5357142857142857,0.5357142857142857,0.5213054187192118,0.015597668650939853,200
0.0037065744400024414,0.0001788294547021163,0.0005078792572021484,8.214098255307502e-05,0.01,9,sigmoid,1e-05,"{'C': 0.01, 'degree': 9, 'kernel': 'sigmoid', 'tol': 1e-05}",0.5172413793103449,0.5172413793103449,0.5,0.5,0.5,0.5357142857142857,0.5357142857142857,0.5357142857142857,0.5357142857142857,0.5357142857142857,0.5213054187192118,0.015597668650939853,200
0.0021548748016357424,0.0001811093753027664,0.00034275054931640623,9.774546487565924e-05,0.1,1,linear,1e-05,"{'C': 0.1, 'degree': 1, 'kernel': 'linear', 'tol': 1e-05}",0.8620689655172413,0.896551724137931,0.9285714285714286,0.9642857142857143,0.7857142857142857,0.9285714285714286,0.9285714285714286,0.9285714285714286,0.9285714285714286,0.9285714285714286,0.9080049261083744,0.04785572306218109,125
0.00399622917175293,0.0012282378527860482,0.0006551980972290039,0.0003540345462395824,0.1,1,poly,1e-05,"{'C': 0.1, 'degree': 1, 'kernel': 'poly', 'tol': 1e-05}",0.5172413793103449,0.5172413793103449,0.5,0.5,0.5,0.5357142857142857,0.5357142857142857,0.5357142857142857,0.5357142857142857,0.5357142857142857,0.5213054187192118,0.015597668650939853,200
0.0037008047103881834,0.00021315738496137423,0.0008757829666137696,7.166951715747664e-05,0.1,1,rbf,1e-05,"{'C': 0.1, 'degree': 1, 'kernel': 'rbf', 'tol': 1e-05}",0.5172413793103449,0.5862068965517241,0.5,0.5357142857142857,0.5,0.5714285714285714,0.6071428571428571,0.5714285714285714,0.6071428571428571,0.6071428571428571,0.5603448275862067,0.04151178068506727,195
0.0036640405654907227,0.00019825053078416645,0.0005018234252929688,4.894702653932144e-05,0.1,1,sigmoid,1e-05,"{'C': 0.1, 'degree': 1, 'kernel': 'sigmoid', 'tol': 1e-05}",0.5172413793103449,0.5172413793103449,0.5,0.5,0.5,0.5357142857142857,0.5357142857142857,0.5357142857142857,0.5357142857142857,0.5357142857142857,0.5213054187192118,0.015597668650939853,200
0.0021657943725585938,0.0001546373787805139,0.00033516883850097655,7.161451214356479e-05,0.1,3,linear,1e-05,"{'C': 0.1, 'degree': 3, 'kernel': 'linear', 'tol': 1e-05}",0.8620689655172413,0.896551724137931,0.9285714285714286,0.9642857142857143,0.7857142857142857,0.9285714285714286,0.9285714285714286,0.9285714285714286,0.9285714285714286,0.9285714285714286,0.9080049261083744,0.04785572306218109,125
0.003382086753845215,0.0002593201244798629,0.00046663284301757814,5.738728760579788e-05,0.1,3,poly,1e-05,"{'C': 0.1, 'degree': 3, 'kernel': 'poly', 'tol': 1e-05}",0.6551724137931034,0.6896551724137931,0.7142857142857143,0.6428571428571429,0.7142857142857143,0.6428571428571429,0.7142857142857143,0.8928571428571429,0.75,0.7857142857142857,0.7201970443349753,0.07226409579702997,189
0.0036128759384155273,0.00021780053964131125,0.000890040397644043,0.00013755956367279457,0.1,3,rbf,1e-05,"{'C': 0.1, 'degree': 3, 'kernel': 'rbf', 'tol': 1e-05}",0.5172413793103449,0.5862068965517241,0.5,0.5357142857142857,0.5,0.5714285714285714,0.6071428571428571,0.5714285714285714,0.6071428571428571,0.6071428571428571,0.5603448275862067,0.04151178068506727,195
0.0036562204360961912,0.00013949320949699197,0.0005098581314086914,7.182054493383028e-05,0.1,3,sigmoid,1e-05,"{'C': 0.1, 'degree': 3, 'kernel': 'sigmoid', 'tol': 1e-05}",0.5172413793103449,0.5172413793103449,0.5,0.5,0.5,0.5357142857142857,0.5357142857142857,0.5357142857142857,0.5357142857142857,0.5357142857142857,0.5213054187192118,0.015597668650939853,200
0.0021543025970458983,0.0001933150944688414,0.00031936168670654297,5.873515611752138e-05,0.1,5,linear,1e-05,"{'C': 0.1, 'degree': 5, 'kernel': 'linear', 'tol': 1e-05}",0.8620689655172413,0.896551724137931,0.9285714285714286,0.9642857142857143,0.7857142857142857,0.9285714285714286,0.9285714285714286,0.9285714285714286,0.9285714285714286,0.9285714285714286,0.9080049261083744,0.04785572306218109,125
0.0033063173294067385,0.0002391866958797794,0.00044522285461425783,4.0153850919585004e-05,0.1,5,poly,1e-05,"{'C': 0.1, 'degree': 5, 'kernel': 'poly', 'tol': 1e-05}",0.7586206896551724,0.7586206896551724,0.8571428571428571,0.7857142857142857,0.75,0.8571428571428571,0.75,0.9285714285714286,0.9285714285714286,0.8571428571428571,0.8231527093596058,0.06791556495540563,178
0.0035767316818237304,0.00019921653423659628,0.0008226394653320313,2.105175300404121e-05,0.1,5,rbf,1e-05,"{'C': 0.1, 'degree': 5, 'kernel': 'rbf', 'tol': 1e-05}",0.5172413793103449,0.5862068965517241,0.5,0.5357142857142857,0.5,0.5714285714285714,0.6071428571428571,0.5714285714285714,0.6071428571428571,0.6071428571428571,0.5603448275862067,0.04151178068506727,195
0.003669142723083496,0.00020635331867429837,0.0004944562911987305,5.140190109967419e-05,0.1,5,sigmoid,1e-05,"{'C': 0.1, 'degree': 5, 'kernel': 'sigmoid', 'tol': 1e-05}",0.5172413793103449,0.5172413793103449,0.5,0.5,0.5,0.5357142857142857,0.5357142857142857,0.5357142857142857,0.5357142857142857,0.5357142857142857,0.5213054187192118,0.015597668650939853,200
0.0020494461059570312,0.0001652329512684967,0.0002970695495605469,2.3504976606577116e-05,0.1,7,linear,1e-05,"{'C': 0.1, 'degree': 7, 'kernel': 'linear', 'tol': 1e-05}",0.8620689655172413,0.896551724137931,0.9285714285714286,0.9642857142857143,0.7857142857142857,0.9285714285714286,0.9285714285714286,0.9285714285714286,0.9285714285714286,0.9285714285714286,0.9080049261083744,0.04785572306218109,125
0.0031681299209594727,8.636694188094142e-05,0.00042591094970703127,4.0747569652798194e-05,0.1,7,poly,1e-05,"{'C': 0.1, 'degree': 7, 'kernel': 'poly', 'tol': 1e-05}",0.7586206896551724,0.7931034482758621,0.9642857142857143,0.8571428571428571,0.75,0.8214285714285714,0.8928571428571429,0.9285714285714286,0.9642857142857143,0.8571428571428571,0.858743842364532,0.07474882512280662,170
0.003604602813720703,0.00023257814389606812,0.0008614063262939453,9.471983377225869e-05,0.1,7,rbf,1e-05,"{'C': 0.1, 'degree': 7, 'kernel': 'rbf', 'tol': 1e-05}",0.5172413793103449,0.5862068965517241,0.5,0.5357142857142857,0.5,0.5714285714285714,0.6071428571428571,0.5714285714285714,0.6071428571428571,0.6071428571428571,0.5603448275862067,0.04151178068506727,195
0.003564143180847168,0.00015343036571420913,0.00047278404235839844,2.7608830282282716e-05,0.1,7,sigmoid,1e-05,"{'C': 0.1, 'degree': 7, 'kernel': 'sigmoid', 'tol': 1e-05}",0.5172413793103449,0.5172413793103449,0.5,0.5,0.5,0.5357142857142857,0.5357142857142857,0.5357142857142857,0.5357142857142857,0.5357142857142857,0.5213054187192118,0.015597668650939853,200
0.0020838022232055665,8.991614311447669e-05,0.0003091335296630859,2.966816269048055e-05,0.1,9,linear,1e-05,"{'C': 0.1, 'degree': 9, 'kernel': 'linear', 'tol': 1e-05}",0.8620689655172413,0.896551724137931,0.9285714285714286,0.9642857142857143,0.7857142857142857,0.9285714285714286,0.9285714285714286,0.9285714285714286,0.9285714285714286,0.9285714285714286,0.9080049261083744,0.04785572306218109,125
0.00315241813659668,0.00011048579346657196,0.0004210710525512695,2.6922398663600918e-05,0.1,9,poly,1e-05,"{'C': 0.1, 'degree': 9, 'kernel': 'poly', 'tol': 1e-05}",0.7931034482758621,0.7931034482758621,0.9285714285714286,0.8571428571428571,0.75,0.7857142857142857,0.8928571428571429,0.8928571428571429,0.9642857142857143,0.8571428571428571,0.8514778325123153,0.06602685245391272,171
0.0035814285278320313,0.0001067200656580373,0.0008383512496948243,4.958522400025844e-05,0.1,9,rbf,1e-05,"{'C': 0.1, 'degree': 9, 'kernel': 'rbf', 'tol': 1e-05}",0.5172413793103449,0.5862068965517241,0.5,0.5357142857142857,0.5,0.5714285714285714,0.6071428571428571,0.5714285714285714,0.6071428571428571,0.6071428571428571,0.5603448275862067,0.04151178068506727,195
0.0035939455032348634,0.00011743713405664509,0.0004748106002807617,2.57764005995287e-05,0.1,9,sigmoid,1e-05,"{'C': 0.1, 'degree': 9, 'kernel': 'sigmoid', 'tol': 1e-05}",0.5172413793103449,0.5172413793103449,0.5,0.5,0.5,0.5357142857142857,0.5357142857142857,0.5357142857142857,0.5357142857142857,0.5357142857142857,0.5213054187192118,0.015597668650939853,200
0.0017392873764038087,8.541652639983611e-05,0.0002508401870727539,2.1469179352794214e-05,0.5,1,linear,1e-05,"{'C': 0.5, 'degree': 1, 'kernel': 'linear', 'tol': 1e-05}",0.9655172413793104,0.9655172413793104,0.8928571428571429,0.9642857142857143,0.8214285714285714,0.9285714285714286,0.9285714285714286,0.9642857142857143,0.9642857142857143,0.9642857142857143,0.9359605911330048,0.044767322671340225,11
0.002951312065124512,0.00012181757163426458,0.0003992319107055664,2.3701073309814896e-05,0.5,1,poly,1e-05,"{'C': 0.5, 'degree': 1, 'kernel': 'poly', 'tol': 1e-05}",0.7931034482758621,0.7586206896551724,0.8928571428571429,0.7857142857142857,0.7857142857142857,0.8571428571428571,0.75,0.9642857142857143,0.9285714285714286,0.8214285714285714,0.833743842364532,0.07010624150470132,177
0.003006458282470703,8.17595676141833e-05,0.0007026195526123047,3.49207941607993e-05,0.5,1,rbf,1e-05,"{'C': 0.5, 'degree': 1, 'kernel': 'rbf', 'tol': 1e-05}",0.7931034482758621,0.8275862068965517,0.9642857142857143,0.8928571428571429,0.7857142857142857,0.8214285714285714,0.9285714285714286,0.9285714285714286,0.9642857142857143,0.8571428571428571,0.8763546798029557,0.06488453335980625,165
0.0035355091094970703,8.17690919977408e-05,0.0004734992980957031,3.309984977493423e-05,0.5,1,sigmoid,1e-05,"{'C': 0.5, 'degree': 1, 'kernel': 'sigmoid', 'tol': 1e-05}",0.6551724137931034,0.6551724137931034,0.6785714285714286,0.6785714285714286,0.6785714285714286,0.6071428571428571,0.7142857142857143,0.8571428571428571,0.6785714285714286,0.7142857142857143,0.6917487684729065,0.062369400544603895,190
0.0017446041107177734,0.00011990668389422177,0.00025615692138671877,3.710197583581497e-05,0.5,3,linear,1e-05,"{'C': 0.5, 'degree': 3, 'kernel': 'linear', 'tol': 1e-05}",0.9655172413793104,0.9655172413793104,0.8928571428571429,0.9642857142857143,0.8214285714285714,0.9285714285714286,0.9285714285714286,0.9642857142857143,0.9642857142857143,0.9642857142857143,0.9359605911330048,0.044767322671340225,11
0.0026029348373413086,0.00012580068836560401,0.0003729820251464844,3.323732861174679e-05,0.5,3,poly,1e-05,"{'C': 0.5, 'degree': 3, 'kernel': 'poly', 'tol': 1e-05}",0.8620689655172413,0.8275862068965517,0.8928571428571429,0.8928571428571429,0.8214285714285714,0.8571428571428571,0.9285714285714286,0.9285714285714286,0.9642857142857143,0.9285714285714286,0.8903940886699507,0.045225726124379674,148
0.002998685836791992,7.759476882460386e-05,0.0007259368896484375,6.51880868316885e-05,0.5,3,rbf,1e-05,"{'C': 0.5, 'degree': 3, 'kernel': 'rbf', 'tol': 1e-05}",0.7931034482758621,0.8275862068965517,0.9642857142857143,0.8928571428571429,0.7857142857142857,0.8214285714285714,0.9285714285714286,0.9285714285714286,0.9642857142857143,0.8571428571428571,0.8763546798029557,0.06488453335980625,165
0.003604412078857422,0.0001291919861377568,0.0004918336868286133,4.114809749506372e-05,0.5,3,sigmoid,1e-05,"{'C': 0.5, 'degree': 3, 'kernel': 'sigmoid', 'tol': 1e-05}",0.6551724137931034,0.6551724137931034,0.6785714285714286,0.6785714285714286,0.6785714285714286,0.6071428571428571,0.7142857142857143,0.8571428571428571,0.6785714285714286,0.7142857142857143,0.6917487684729065,0.062369400544603895,190
0.0017024993896484375,8.028773882645643e-05,0.00025331974029541016,2.5394264938746812e-05,0.5,5,linear,1e-05,"{'C': 0.5, 'degree': 5, 'kernel': 'linear', 'tol': 1e-05}",0.9655172413793104,0.9655172413793104,0.8928571428571429,0.9642857142857143,0.8214285714285714,0.9285714285714286,0.9285714285714286,0.9642857142857143,0.9642857142857143,0.9642857142857143,0.9359605911330048,0.044767322671340225,11
0.002526521682739258,0.00011609525804284545,0.0003612518310546875,4.5825241740271304e-05,0.5,5,poly,1e-05,"{'C': 0.5, 'degree': 5, 'kernel': 'poly', 'tol': 1e-05}",0.8620689655172413,0.896551724137931,0.9285714285714286,0.8928571428571429,0.7857142857142857,0.8928571428571429,0.9285714285714286,0.9642857142857143,0.9642857142857143,0.9285714285714286,0.9044334975369457,0.05013147314777443,136
0.0030489444732666017,0.00011208608932655209,0.0007230281829833984,3.569663605517634e-05,0.5,5,rbf,1e-05,"{'C': 0.5, 'degree': 5, 'kernel': 'rbf', 'tol': 1e-05}",0.7931034482758621,0.8275862068965517,0.9642857142857143,0.8928571428571429,0.7857142857142857,0.8214285714285714,0.9285714285714286,0.9285714285714286,0.9642857142857143,0.8571428571428571,0.8763546798029557,0.06488453335980625,165
0.0035242795944213866,0.000102480528689236,0.0004750728607177734,2.538820924924065e-05,0.5,5,sigmoid,1e-05,"{'C': 0.5, 'degree': 5, 'kernel': 'sigmoid', 'tol': 1e-05}",0.6551724137931034,0.6551724137931034,0.6785714285714286,0.6785714285714286,0.6785714285714286,0.6071428571428571,0.7142857142857143,0.8571428571428571,0.6785714285714286,0.7142857142857143,0.6917487684729065,0.062369400544603895,190
0.0017177104949951173,8.458042832430794e-05,0.00025010108947753906,2.5694179016524276e-05,0.5,7,linear,1e-05,"{'C': 0.5, 'degree': 7, 'kernel': 'linear', 'tol': 1e-05}",0.9655172413793104,0.9655172413793104,0.8928571428571429,0.9642857142857143,0.8214285714285714,0.9285714285714286,0.9285714285714286,0.9642857142857143,0.9642857142857143,0.9642857142857143,0.9359605911330048,0.044767322671340225,11
0.00243377685546875,0.00011337474047043254,0.00033297538757324217,3.111946116983384e-05,0.5,7,poly,1e-05,"{'C': 0.5, 'degree': 7, 'kernel': 'poly', 'tol': 1e-05}",0.9310344827586207,0.896551724137931,0.9285714285714286,0.9285714285714286,0.8214285714285714,0.8928571428571429,0.9285714285714286,0.9642857142857143,0.9285714285714286,0.8928571428571429,0.9113300492610836,0.036557897849418694,104
0.0030297279357910157,9.257239269398592e-05,0.0007251977920532226,5.180973967504076e-05,0.5,7,rbf,1e-05,"{'C': 0.5, 'degree': 7, 'kernel': 'rbf', 'tol': 1e-05}",0.7931034482758621,0.8275862068965517,0.9642857142857143,0.8928571428571429,0.7857142857142857,0.8214285714285714,0.9285714285714286,0.9285714285714286,0.9642857142857143,0.8571428571428571,0.8763546798029557,0.06488453335980625,165
0.003509974479675293,7.813078693683988e-05,0.0004543781280517578,1.511611396490254e-05,0.5,7,sigmoid,1e-05,"{'C': 0.5, 'degree': 7, 'kernel': 'sigmoid', 'tol': 1e-05}",0.6551724137931034,0.6551724137931034,0.6785714285714286,0.6785714285714286,0.6785714285714286,0.6071428571428571,0.7142857142857143,0.8571428571428571,0.6785714285714286,0.7142857142857143,0.6917487684729065,0.062369400544603895,190
0.0017184972763061523,7.159900472203433e-05,0.000250244140625,2.0582912196925794e-05,0.5,9,linear,1e-05,"{'C': 0.5, 'degree': 9, 'kernel': 'linear', 'tol': 1e-05}",0.9655172413793104,0.9655172413793104,0.8928571428571429,0.9642857142857143,0.8214285714285714,0.9285714285714286,0.9285714285714286,0.9642857142857143,0.9642857142857143,0.9642857142857143,0.9359605911330048,0.044767322671340225,11
0.0023673534393310546,6.614190328415825e-05,0.00032684803009033205,1.777280579518708e-05,0.5,9,poly,1e-05,"{'C': 0.5, 'degree': 9, 'kernel': 'poly', 'tol': 1e-05}",0.9310344827586207,0.8620689655172413,0.9285714285714286,0.9285714285714286,0.8214285714285714,0.8928571428571429,0.9285714285714286,0.9642857142857143,0.9285714285714286,0.8928571428571429,0.9078817733990148,0.039311764607618795,130
0.0030582666397094725,7.679743703898057e-05,0.0007247686386108399,4.352669903830159e-05,0.5,9,rbf,1e-05,"{'C': 0.5, 'degree': 9, 'kernel': 'rbf', 'tol': 1e-05}",0.7931034482758621,0.8275862068965517,0.9642857142857143,0.8928571428571429,0.7857142857142857,0.8214285714285714,0.9285714285714286,0.9285714285714286,0.9642857142857143,0.8571428571428571,0.8763546798029557,0.06488453335980625,165
0.003533792495727539,6.419561808697844e-05,0.0004630327224731445,1.8141585995386504e-05,0.5,9,sigmoid,1e-05,"{'C': 0.5, 'degree': 9, 'kernel': 'sigmoid', 'tol': 1e-05}",0.6551724137931034,0.6551724137931034,0.6785714285714286,0.6785714285714286,0.6785714285714286,0.6071428571428571,0.7142857142857143,0.8571428571428571,0.6785714285714286,0.7142857142857143,0.6917487684729065,0.062369400544603895,190
0.0016356229782104493,6.46724667809159e-05,0.00022101402282714844,8.378640838053503e-06,1.1,1,linear,1e-05,"{'C': 1.1, 'degree': 1, 'kernel': 'linear', 'tol': 1e-05}",0.9310344827586207,0.9655172413793104,0.9285714285714286,0.9642857142857143,0.8571428571428571,0.9285714285714286,0.8928571428571429,0.9285714285714286,0.9285714285714286,0.9285714285714286,0.9253694581280788,0.0298690388148883,65
0.002685856819152832,7.824206525106262e-05,0.00037715435028076174,2.126326176396256e-05,1.1,1,poly,1e-05,"{'C': 1.1, 'degree': 1, 'kernel': 'poly', 'tol': 1e-05}",0.8275862068965517,0.8275862068965517,0.9285714285714286,0.8928571428571429,0.75,0.8571428571428571,0.9285714285714286,0.9285714285714286,0.9642857142857143,0.8928571428571429,0.8798029556650248,0.0611790135813203,159
0.0026131629943847655,8.234649148028541e-05,0.0006164312362670898,4.5040576282314636e-05,1.1,1,rbf,1e-05,"{'C': 1.1, 'degree': 1, 'kernel': 'rbf', 'tol': 1e-05}",0.8620689655172413,0.8620689655172413,0.8928571428571429,0.8928571428571429,0.75,0.8571428571428571,0.9285714285714286,0.9285714285714286,0.9642857142857143,0.9285714285714286,0.8866995073891626,0.05668236399465036,154
0.003245902061462402,0.00011678008993156728,0.0004317760467529297,2.9767015523936477e-05,1.1,1,sigmoid,1e-05,"{'C': 1.1, 'degree': 1, 'kernel': 'sigmoid', 'tol': 1e-05}",0.7931034482758621,0.7586206896551724,0.8928571428571429,0.7857142857142857,0.7857142857142857,0.7857142857142857,0.7142857142857143,0.9285714285714286,0.9285714285714286,0.8214285714285714,0.8194581280788178,0.06933661592788262,179
0.0016421794891357422,7.543089100575593e-05,0.0002303600311279297,2.8249090515737975e-05,1.1,3,linear,1e-05,"{'C': 1.1, 'degree': 3, 'kernel': 'linear', 'tol': 1e-05}",0.9310344827586207,0.9655172413793104,0.9285714285714286,0.9642857142857143,0.8571428571428571,0.9285714285714286,0.8928571428571429,0.9285714285714286,0.9285714285714286,0.9285714285714286,0.9253694581280788,0.0298690388148883,65
0.002216625213623047,7.59257282257683e-05,0.0003368854522705078,6.300632174908954e-05,1.1,3,poly,1e-05,"{'C': 1.1, 'degree': 3, 'kernel': 'poly', 'tol': 1e-05}",0.9310344827586207,0.896551724137931,0.9285714285714286,0.9642857142857143,0.75,0.9285714285714286,0.9285714285714286,0.9285714285714286,0.9285714285714286,0.9285714285714286,0.9113300492610839,0.05587659779266108,102
0.0026346445083618164,0.00013154083681698192,0.0006132364273071289,3.1302906737718566e-05,1.1,3,rbf,1e-05,"{'C': 1.1, 'degree': 3, 'kernel': 'rbf', 'tol': 1e-05}",0.8620689655172413,0.8620689655172413,0.8928571428571429,0.8928571428571429,0.75,0.8571428571428571,0.9285714285714286,0.9285714285714286,0.9642857142857143,0.9285714285714286,0.8866995073891626,0.05668236399465036,154
0.0032171010971069336,8.043065872534393e-05,0.00043609142303466795,3.434393770768669e-05,1.1,3,sigmoid,1e-05,"{'C': 1.1, 'degree': 3, 'kernel': 'sigmoid', 'tol': 1e-05}",0.7931034482758621,0.7586206896551724,0.8928571428571429,0.7857142857142857,0.7857142857142857,0.7857142857142857,0.7142857142857143,0.9285714285714286,0.9285714285714286,0.8214285714285714,0.8194581280788178,0.06933661592788262,179
0.0016636848449707031,7.884239619777821e-05,0.00025036334991455076,5.5095376634466406e-05,1.1,5,linear,1e-05,"{'C': 1.1, 'degree': 5, 'kernel': 'linear', 'tol': 1e-05}",0.9310344827586207,0.9655172413793104,0.9285714285714286,0.9642857142857143,0.8571428571428571,0.9285714285714286,0.8928571428571429,0.9285714285714286,0.9285714285714286,0.9285714285714286,0.9253694581280788,0.0298690388148883,65
0.0021780729293823242,9.73509654962671e-05,0.00030477046966552733,2.6941731964285267e-05,1.1,5,poly,1e-05,"{'C': 1.1, 'degree': 5, 'kernel': 'poly', 'tol': 1e-05}",0.896551724137931,0.9310344827586207,0.9285714285714286,0.9642857142857143,0.8214285714285714,0.9285714285714286,0.9285714285714286,0.9642857142857143,0.9285714285714286,0.8928571428571429,0.9184729064039407,0.03913776827725973,88
0.0027187108993530274,8.674560784556297e-05,0.0006401538848876953,3.2167429037627994e-05,1.1,5,rbf,1e-05,"{'C': 1.1, 'degree': 5, 'kernel': 'rbf', 'tol': 1e-05}",0.8620689655172413,0.8620689655172413,0.8928571428571429,0.8928571428571429,0.75,0.8571428571428571,0.9285714285714286,0.9285714285714286,0.9642857142857143,0.9285714285714286,0.8866995073891626,0.05668236399465036,154
0.003174424171447754,0.00010067941214964345,0.00042951107025146484,2.9532594791515778e-05,1.1,5,sigmoid,1e-05,"{'C': 1.1, 'degree': 5, 'kernel': 'sigmoid', 'tol': 1e-05}",0.7931034482758621,0.7586206896551724,0.8928571428571429,0.7857142857142857,0.7857142857142857,0.7857142857142857,0.7142857142857143,0.9285714285714286,0.9285714285714286,0.8214285714285714,0.8194581280788178,0.06933661592788262,179
0.0016118526458740235,6.249106960830878e-05,0.0002210855484008789,2.1766728386209615e-05,1.1,7,linear,1e-05,"{'C': 1.1, 'degree': 7, 'kernel': 'linear', 'tol': 1e-05}",0.9310344827586207,0.9655172413793104,0.9285714285714286,0.9642857142857143,0.8571428571428571,0.9285714285714286,0.8928571428571429,0.9285714285714286,0.9285714285714286,0.9285714285714286,0.9253694581280788,0.0298690388148883,65
0.0021661758422851563,0.00010133789237586128,0.0003128528594970703,3.355588833264915e-05,1.1,7,poly,1e-05,"{'C': 1.1, 'degree': 7, 'kernel': 'poly', 'tol': 1e-05}",0.896551724137931,0.9655172413793104,0.9285714285714286,0.9642857142857143,0.8214285714285714,0.9285714285714286,0.9285714285714286,0.9642857142857143,0.9642857142857143,0.8928571428571429,0.9254926108374383,0.0434477801765677,62
0.0026152610778808595,0.00011591855413442538,0.0006033897399902344,3.400417349917886e-05,1.1,7,rbf,1e-05,"{'C': 1.1, 'degree': 7, 'kernel': 'rbf', 'tol': 1e-05}",0.8620689655172413,0.8620689655172413,0.8928571428571429,0.8928571428571429,0.75,0.8571428571428571,0.9285714285714286,0.9285714285714286,0.9642857142857143,0.9285714285714286,0.8866995073891626,0.05668236399465036,154
0.0031142473220825196,6.710654626003298e-05,0.0004115581512451172,1.0324818351661443e-05,1.1,7,sigmoid,1e-05,"{'C': 1.1, 'degree': 7, 'kernel': 'sigmoid', 'tol': 1e-05}",0.7931034482758621,0.7586206896551724,0.8928571428571429,0.7857142857142857,0.7857142857142857,0.7857142857142857,0.7142857142857143,0.9285714285714286,0.9285714285714286,0.8214285714285714,0.8194581280788178,0.06933661592788262,179
0.0016233444213867188,7.935427083011844e-05,0.0002134561538696289,6.680869772993264e-06,1.1,9,linear,1e-05,"{'C': 1.1, 'degree': 9, 'kernel': 'linear', 'tol': 1e-05}",0.9310344827586207,0.9655172413793104,0.9285714285714286,0.9642857142857143,0.8571428571428571,0.9285714285714286,0.8928571428571429,0.9285714285714286,0.9285714285714286,0.9285714285714286,0.9253694581280788,0.0298690388148883,65
0.00214691162109375,6.529081361832718e-05,0.00029821395874023436,1.883017802446896e-05,1.1,9,poly,1e-05,"{'C': 1.1, 'degree': 9, 'kernel': 'poly', 'tol': 1e-05}",0.896551724137931,0.9655172413793104,0.9285714285714286,0.9642857142857143,0.8214285714285714,0.9285714285714286,0.9285714285714286,0.9642857142857143,0.9642857142857143,0.8928571428571429,0.9254926108374383,0.0434477801765677,62
0.002541255950927734,7.380846219061017e-05,0.0005913734436035156,1.8992310877297104e-05,1.1,9,rbf,1e-05,"{'C': 1.1, 'degree': 9, 'kernel': 'rbf', 'tol': 1e-05}",0.8620689655172413,0.8620689655172413,0.8928571428571429,0.8928571428571429,0.75,0.8571428571428571,0.9285714285714286,0.9285714285714286,0.9642857142857143,0.9285714285714286,0.8866995073891626,0.05668236399465036,154
0.0031729221343994142,7.600048369386617e-05,0.00041692256927490235,1.3304547146248336e-05,1.1,9,sigmoid,1e-05,"{'C': 1.1, 'degree': 9, 'kernel': 'sigmoid', 'tol': 1e-05}",0.7931034482758621,0.7586206896551724,0.8928571428571429,0.7857142857142857,0.7857142857142857,0.7857142857142857,0.7142857142857143,0.9285714285714286,0.9285714285714286,0.8214285714285714,0.8194581280788178,0.06933661592788262,179
0.001640486717224121,8.886951715241587e-05,0.00022444725036621093,2.0915493219280314e-05,1.3,1,linear,1e-05,"{'C': 1.3, 'degree': 1, 'kernel': 'linear', 'tol': 1e-05}",0.9310344827586207,0.9655172413793104,0.9285714285714286,0.9642857142857143,0.8571428571428571,0.9285714285714286,0.8928571428571429,0.9285714285714286,0.9642857142857143,0.9285714285714286,0.9289408866995073,0.03209091172816922,42
0.0025033950805664062,7.218029457110251e-05,0.00035412311553955077,2.551926489840414e-05,1.3,1,poly,1e-05,"{'C': 1.3, 'degree': 1, 'kernel': 'poly', 'tol': 1e-05}",0.8275862068965517,0.8275862068965517,0.9285714285714286,0.8928571428571429,0.8214285714285714,0.8571428571428571,0.9285714285714286,0.9285714285714286,0.9642857142857143,0.9285714285714286,0.8905172413793103,0.050047448912152154,147
0.002517509460449219,8.12836598337972e-05,0.0005869626998901367,2.1954053485142297e-05,1.3,1,rbf,1e-05,"{'C': 1.3, 'degree': 1, 'kernel': 'rbf', 'tol': 1e-05}",0.896551724137931,0.896551724137931,0.8928571428571429,0.9285714285714286,0.7857142857142857,0.8928571428571429,0.9285714285714286,0.9642857142857143,0.9285714285714286,0.9285714285714286,0.9043103448275863,0.04516549011946045,137
0.0031204938888549803,5.129270286295924e-05,0.0004105091094970703,1.348690722952565e-05,1.3,1,sigmoid,1e-05,"{'C': 1.3, 'degree': 1, 'kernel': 'sigmoid', 'tol': 1e-05}",0.7586206896551724,0.8275862068965517,0.8928571428571429,0.7857142857142857,0.75,0.8214285714285714,0.8214285714285714,0.9642857142857143,0.9642857142857143,0.8214285714285714,0.8407635467980296,0.0724846550170374,172
0.0016375064849853515,8.066041272797459e-05,0.00021064281463623047,6.0233140452670005e-06,1.3,3,linear,1e-05,"{'C': 1.3, 'degree': 3, 'kernel': 'linear', 'tol': 1e-05}",0.9310344827586207,0.9655172413793104,0.9285714285714286,0.9642857142857143,0.8571428571428571,0.9285714285714286,0.8928571428571429,0.9285714285714286,0.9642857142857143,0.9285714285714286,0.9289408866995073,0.03209091172816922,42
0.0021341800689697265,5.6594383910732584e-05,0.00031211376190185545,4.7358770639988695e-05,1.3,3,poly,1e-05,"{'C': 1.3, 'degree': 3, 'kernel': 'poly', 'tol': 1e-05}",0.9310344827586207,0.896551724137931,0.9285714285714286,0.9642857142857143,0.7857142857142857,0.9285714285714286,0.9285714285714286,0.9285714285714286,0.9285714285714286,0.9285714285714286,0.9149014778325123,0.045657777043217274,91
0.0024876832962036134,6.172292329484796e-05,0.0005830526351928711,2.484848942130712e-05,1.3,3,rbf,1e-05,"{'C': 1.3, 'degree': 3, 'kernel': 'rbf', 'tol': 1e-05}",0.896551724137931,0.896551724137931,0.8928571428571429,0.9285714285714286,0.7857142857142857,0.8928571428571429,0.9285714285714286,0.9642857142857143,0.9285714285714286,0.9285714285714286,0.9043103448275863,0.04516549011946045,137
0.0031335115432739257,7.392332890755968e-05,0.0004238128662109375,2.699277399621646e-05,1.3,3,sigmoid,1e-05,"{'C': 1.3, 'degree': 3, 'kernel': 'sigmoid', 'tol': 1e-05}",0.7586206896551724,0.8275862068965517,0.8928571428571429,0.7857142857142857,0.75,0.8214285714285714,0.8214285714285714,0.9642857142857143,0.9642857142857143,0.8214285714285714,0.8407635467980296,0.0724846550170374,172
0.0016380786895751954,7.194145413908297e-05,0.0002220630645751953,1.0974612048680103e-05,1.3,5,linear,1e-05,"{'C': 1.3, 'degree': 5, 'kernel': 'linear', 'tol': 1e-05}",0.9310344827586207,0.9655172413793104,0.9285714285714286,0.9642857142857143,0.8571428571428571,0.9285714285714286,0.8928571428571429,0.9285714285714286,0.9642857142857143,0.9285714285714286,0.9289408866995073,0.03209091172816922,42
0.002092909812927246,7.043661621609215e-05,0.00030777454376220705,3.768694930937789e-05,1.3,5,poly,1e-05,"{'C': 1.3, 'degree': 5, 'kernel': 'poly', 'tol': 1e-05}",0.896551724137931,0.9310344827586207,0.9285714285714286,0.9642857142857143,0.8214285714285714,0.9285714285714286,0.9285714285714286,0.9642857142857143,0.9285714285714286,0.8928571428571429,0.9184729064039407,0.03913776827725973,88
0.0025328636169433595,7.302222028061006e-05,0.0005843162536621094,1.0808963381830396e-05,1.3,5,rbf,1e-05,"{'C': 1.3, 'degree': 5, 'kernel': 'rbf', 'tol': 1e-05}",0.896551724137931,0.896551724137931,0.8928571428571429,0.9285714285714286,0.7857142857142857,0.8928571428571429,0.9285714285714286,0.9642857142857143,0.9285714285714286,0.9285714285714286,0.9043103448275863,0.04516549011946045,137
0.0031420707702636717,7.592033760055097e-05,0.00041718482971191405,3.1288621306341156e-05,1.3,5,sigmoid,1e-05,"{'C': 1.3, 'degree': 5, 'kernel': 'sigmoid', 'tol': 1e-05}",0.7586206896551724,0.8275862068965517,0.8928571428571429,0.7857142857142857,0.75,0.8214285714285714,0.8214285714285714,0.9642857142857143,0.9642857142857143,0.8214285714285714,0.8407635467980296,0.0724846550170374,172
0.0016544818878173827,5.8625882683507824e-05,0.00021562576293945312,7.4310141177461996e-06,1.3,7,linear,1e-05,"{'C': 1.3, 'degree': 7, 'kernel': 'linear', 'tol': 1e-05}",0.9310344827586207,0.9655172413793104,0.9285714285714286,0.9642857142857143,0.8571428571428571,0.9285714285714286,0.8928571428571429,0.9285714285714286,0.9642857142857143,0.9285714285714286,0.9289408866995073,0.03209091172816922,42
0.0020256519317626955,8.082936980145517e-05,0.00030157566070556643,2.2859468428013222e-05,1.3,7,poly,1e-05,"{'C': 1.3, 'degree': 7, 'kernel': 'poly', 'tol': 1e-05}",0.896551724137931,0.9655172413793104,0.9285714285714286,0.9642857142857143,0.8214285714285714,0.9285714285714286,0.9285714285714286,0.9642857142857143,0.9642857142857143,0.8928571428571429,0.9254926108374383,0.0434477801765677,62
0.0026007890701293945,0.00010466680167768764,0.0005849123001098633,1.342830077651092e-05,1.3,7,rbf,1e-05,"{'C': 1.3, 'degree': 7, 'kernel': 'rbf', 'tol': 1e-05}",0.896551724137931,0.896551724137931,0.8928571428571429,0.9285714285714286,0.7857142857142857,0.8928571428571429,0.9285714285714286,0.9642857142857143,0.9285714285714286,0.9285714285714286,0.9043103448275863,0.04516549011946045,137
0.0031497955322265627,6.395893786848768e-05,0.00042583942413330076,2.0787434122656595e-05,1.3,7,sigmoid,1e-05,"{'C': 1.3, 'degree': 7, 'kernel': 'sigmoid', 'tol': 1e-05}",0.7586206896551724,0.8275862068965517,0.8928571428571429,0.7857142857142857,0.75,0.8214285714285714,0.8214285714285714,0.9642857142857143,0.9642857142857143,0.8214285714285714,0.8407635467980296,0.0724846550170374,172
0.0016159296035766601,6.0234655109543164e-05,0.00021181106567382812,6.9724289560036e-06,1.3,9,linear,1e-05,"{'C': 1.3, 'degree': 9, 'kernel': 'linear', 'tol': 1e-05}",0.9310344827586207,0.9655172413793104,0.9285714285714286,0.9642857142857143,0.8571428571428571,0.9285714285714286,0.8928571428571429,0.9285714285714286,0.9642857142857143,0.9285714285714286,0.9289408866995073,0.03209091172816922,42
0.002075862884521484,8.986431133063448e-05,0.0002885580062866211,2.3327780746488682e-05,1.3,9,poly,1e-05,"{'C': 1.3, 'degree': 9, 'kernel': 'poly', 'tol': 1e-05}",0.896551724137931,1.0,0.9285714285714286,0.9642857142857143,0.8214285714285714,0.9285714285714286,0.9285714285714286,0.9642857142857143,0.9642857142857143,0.8928571428571429,0.9289408866995073,0.047652460532812226,42
0.002566695213317871,7.297036165287841e-05,0.0005884647369384765,1.5587470476054906e-05,1.3,9,rbf,1e-05,"{'C': 1.3, 'degree': 9, 'kernel': 'rbf', 'tol': 1e-05}",0.896551724137931,0.896551724137931,0.8928571428571429,0.9285714285714286,0.7857142857142857,0.8928571428571429,0.9285714285714286,0.9642857142857143,0.9285714285714286,0.9285714285714286,0.9043103448275863,0.04516549011946045,137
0.0031772613525390624,0.00012170137965636561,0.00042273998260498045,1.4510841052533878e-05,1.3,9,sigmoid,1e-05,"{'C': 1.3, 'degree': 9, 'kernel': 'sigmoid', 'tol': 1e-05}",0.7586206896551724,0.8275862068965517,0.8928571428571429,0.7857142857142857,0.75,0.8214285714285714,0.8214285714285714,0.9642857142857143,0.9642857142857143,0.8214285714285714,0.8407635467980296,0.0724846550170374,172
0.0016470670700073243,0.00014114774758060462,0.00019590854644775392,9.25423488408858e-06,5.0,1,linear,1e-05,"{'C': 5, 'degree': 1, 'kernel': 'linear', 'tol': 1e-05}",0.8620689655172413,0.9655172413793104,0.9285714285714286,0.9642857142857143,0.8214285714285714,0.9285714285714286,0.8928571428571429,0.9642857142857143,0.9642857142857143,0.9285714285714286,0.9220443349753694,0.04684354151988581,76
0.001985025405883789,6.363755880687819e-05,0.00027823448181152344,7.971171407177943e-06,5.0,1,poly,1e-05,"{'C': 5, 'degree': 1, 'kernel': 'poly', 'tol': 1e-05}",0.9310344827586207,0.896551724137931,0.8928571428571429,0.9642857142857143,0.7857142857142857,0.9285714285714286,0.9285714285714286,0.9285714285714286,0.9285714285714286,0.9285714285714286,0.9113300492610839,0.04584523985778144,102
0.002019929885864258,4.496397417454752e-05,0.00044875144958496095,9.27555524219249e-06,5.0,1,rbf,1e-05,"{'C': 5, 'degree': 1, 'kernel': 'rbf', 'tol': 1e-05}",0.9655172413793104,0.896551724137931,0.9285714285714286,0.9642857142857143,0.8214285714285714,0.9285714285714286,0.9642857142857143,0.9642857142857143,0.9285714285714286,0.8928571428571429,0.9254926108374384,0.0434477801765677,51
0.0025146484375,5.785970450439101e-05,0.0003536224365234375,2.303000065753149e-05,5.0,1,sigmoid,1e-05,"{'C': 5, 'degree': 1, 'kernel': 'sigmoid', 'tol': 1e-05}",0.896551724137931,0.8620689655172413,0.8928571428571429,0.8928571428571429,0.75,0.8928571428571429,0.9285714285714286,0.9285714285714286,0.9642857142857143,0.8928571428571429,0.8901477832512315,0.053804628044256626,149
0.001670980453491211,0.00010476695102255217,0.00020735263824462892,1.2701267305318856e-05,5.0,3,linear,1e-05,"{'C': 5, 'degree': 3, 'kernel': 'linear', 'tol': 1e-05}",0.8620689655172413,0.9655172413793104,0.9285714285714286,0.9642857142857143,0.8214285714285714,0.9285714285714286,0.8928571428571429,0.9642857142857143,0.9642857142857143,0.9285714285714286,0.9220443349753694,0.04684354151988581,76
0.0017642736434936523,7.247402853116002e-05,0.0002437114715576172,6.78618185906274e-06,5.0,3,poly,1e-05,"{'C': 5, 'degree': 3, 'kernel': 'poly', 'tol': 1e-05}",0.9310344827586207,0.9655172413793104,0.9285714285714286,0.9642857142857143,0.8214285714285714,0.9285714285714286,0.9642857142857143,0.9642857142857143,0.9642857142857143,0.8571428571428571,0.9289408866995075,0.04801392318512186,41
0.0020350217819213867,7.647175111797414e-05,0.00045444965362548826,2.1185057120086345e-05,5.0,3,rbf,1e-05,"{'C': 5, 'degree': 3, 'kernel': 'rbf', 'tol': 1e-05}",0.9655172413793104,0.896551724137931,0.9285714285714286,0.9642857142857143,0.8214285714285714,0.9285714285714286,0.9642857142857143,0.9642857142857143,0.9285714285714286,0.8928571428571429,0.9254926108374384,0.0434477801765677,51
0.0024892091751098633,5.8142196964635865e-05,0.00034394264221191404,2.0083054247841178e-05,5.0,3,sigmoid,1e-05,"{'C': 5, 'degree': 3, 'kernel': 'sigmoid', 'tol': 1e-05}",0.896551724137931,0.8620689655172413,0.8928571428571429,0.8928571428571429,0.75,0.8928571428571429,0.9285714285714286,0.9285714285714286,0.9642857142857143,0.8928571428571429,0.8901477832512315,0.053804628044256626,149
0.0016181230545043944,9.98831837877977e-05,0.00019328594207763673,6.504109527860207e-06,5.0,5,linear,1e-05,"{'C': 5, 'degree': 5, 'kernel': 'linear', 'tol': 1e-05}",0.8620689655172413,0.9655172413793104,0.9285714285714286,0.9642857142857143,0.8214285714285714,0.9285714285714286,0.8928571428571429,0.9642857142857143,0.9642857142857143,0.9285714285714286,0.9220443349753694,0.04684354151988581,76
0.0017295598983764649,7.713023807063962e-05,0.0002510309219360352,2.0622986588374222e-05,5.0,5,poly,1e-05,"{'C': 5, 'degree': 5, 'kernel': 'poly', 'tol': 1e-05}",0.9655172413793104,1.0,0.9285714285714286,0.9642857142857143,0.8571428571428571,0.9285714285714286,0.8928571428571429,1.0,1.0,0.9642857142857143,0.9501231527093597,0.04577654293239199,2
0.0020832538604736326,8.533885227310658e-05,0.0004712820053100586,2.3236468467162983e-05,5.0,5,rbf,1e-05,"{'C': 5, 'degree': 5, 'kernel': 'rbf', 'tol': 1e-05}",0.9655172413793104,0.896551724137931,0.9285714285714286,0.9642857142857143,0.8214285714285714,0.9285714285714286,0.9642857142857143,0.9642857142857143,0.9285714285714286,0.8928571428571429,0.9254926108374384,0.0434477801765677,51
0.0024767637252807615,4.2321017055779935e-05,0.0003365755081176758,6.007060073532604e-06,5.0,5,sigmoid,1e-05,"{'C': 5, 'degree': 5, 'kernel': 'sigmoid', 'tol': 1e-05}",0.896551724137931,0.8620689655172413,0.8928571428571429,0.8928571428571429,0.75,0.8928571428571429,0.9285714285714286,0.9285714285714286,0.9642857142857143,0.8928571428571429,0.8901477832512315,0.053804628044256626,149
0.0016369104385375976,0.00011343754804269456,0.00020334720611572265,2.870216103518764e-05,5.0,7,linear,1e-05,"{'C': 5, 'degree': 7, 'kernel': 'linear', 'tol': 1e-05}",0.8620689655172413,0.9655172413793104,0.9285714285714286,0.9642857142857143,0.8214285714285714,0.9285714285714286,0.8928571428571429,0.9642857142857143,0.9642857142857143,0.9285714285714286,0.9220443349753694,0.04684354151988581,76
0.0017235517501831056,7.688209581863028e-05,0.0002478122711181641,2.5958780151696057e-05,5.0,7,poly,1e-05,"{'C': 5, 'degree': 7, 'kernel': 'poly', 'tol': 1e-05}",1.0,1.0,0.9285714285714286,0.9642857142857143,0.8571428571428571,0.9285714285714286,0.8928571428571429,1.0,1.0,0.9642857142857143,0.9535714285714285,0.048048657310977544,1
0.0020355224609375,4.926217120410316e-05,0.0004731893539428711,3.564673508657508e-05,5.0,7,rbf,1e-05,"{'C': 5, 'degree': 7, 'kernel': 'rbf', 'tol': 1e-05}",0.9655172413793104,0.896551724137931,0.9285714285714286,0.9642857142857143,0.8214285714285714,0.9285714285714286,0.9642857142857143,0.9642857142857143,0.9285714285714286,0.8928571428571429,0.9254926108374384,0.0434477801765677,51
0.0024379491806030273,5.930714271546453e-05,0.0003449440002441406,2.355734823611397e-05,5.0,7,sigmoid,1e-05,"{'C': 5, 'degree': 7, 'kernel': 'sigmoid', 'tol': 1e-05}",0.896551724137931,0.8620689655172413,0.8928571428571429,0.8928571428571429,0.75,0.8928571428571429,0.9285714285714286,0.9285714285714286,0.9642857142857143,0.8928571428571429,0.8901477832512315,0.053804628044256626,149
0.0016375064849853515,0.00010912123268359639,0.0002025604248046875,2.1307259126744948e-05,5.0,9,linear,1e-05,"{'C': 5, 'degree': 9, 'kernel': 'linear', 'tol': 1e-05}",0.8620689655172413,0.9655172413793104,0.9285714285714286,0.9642857142857143,0.8214285714285714,0.9285714285714286,0.8928571428571429,0.9642857142857143,0.9642857142857143,0.9285714285714286,0.9220443349753694,0.04684354151988581,76
0.0017295360565185546,5.6214712584804213e-05,0.0002501726150512695,1.7404899201868613e-05,5.0,9,poly,1e-05,"{'C': 5, 'degree': 9, 'kernel': 'poly', 'tol': 1e-05}",0.9655172413793104,1.0,0.9642857142857143,0.9285714285714286,0.8571428571428571,0.9285714285714286,0.8928571428571429,1.0,1.0,0.9285714285714286,0.9465517241379311,0.04592522887359033,3
0.0020282506942749024,6.442301627427612e-05,0.0004524946212768555,1.6078129478241802e-05,5.0,9,rbf,1e-05,"{'C': 5, 'degree': 9, 'kernel': 'rbf', 'tol': 1e-05}",0.9655172413793104,0.896551724137931,0.9285714285714286,0.9642857142857143,0.8214285714285714,0.9285714285714286,0.9642857142857143,0.9642857142857143,0.9285714285714286,0.8928571428571429,0.9254926108374384,0.0434477801765677,51
0.002447199821472168,5.11807616694175e-05,0.00033059120178222654,8.806137958643887e-06,5.0,9,sigmoid,1e-05,"{'C': 5, 'degree': 9, 'kernel': 'sigmoid', 'tol': 1e-05}",0.896551724137931,0.8620689655172413,0.8928571428571429,0.8928571428571429,0.75,0.8928571428571429,0.9285714285714286,0.9285714285714286,0.9642857142857143,0.8928571428571429,0.8901477832512315,0.053804628044256626,149
0.0017168760299682618,8.749295619889943e-05,0.0001953601837158203,1.7798613627135047e-05,10.0,1,linear,1e-05,"{'C': 10, 'degree': 1, 'kernel': 'linear', 'tol': 1e-05}",0.8620689655172413,0.9655172413793104,0.8571428571428571,0.9642857142857143,0.8214285714285714,0.8928571428571429,0.9285714285714286,0.9642857142857143,0.9642857142857143,0.9285714285714286,0.9149014778325123,0.05059898083326618,91
0.0018410921096801759,6.976246995745502e-05,0.0002687692642211914,2.3517077367277897e-05,10.0,1,poly,1e-05,"{'C': 10, 'degree': 1, 'kernel': 'poly', 'tol': 1e-05}",0.9310344827586207,0.896551724137931,0.9285714285714286,0.9642857142857143,0.8214285714285714,0.9285714285714286,1.0,0.9642857142857143,0.9285714285714286,0.8928571428571429,0.9256157635467981,0.0462083670084385,50
0.0018402576446533204,7.443061467686543e-05,0.0004074335098266602,1.896033400199531e-05,10.0,1,rbf,1e-05,"{'C': 10, 'degree': 1, 'kernel': 'rbf', 'tol': 1e-05}",0.9655172413793104,0.9655172413793104,0.9285714285714286,0.9642857142857143,0.8214285714285714,0.9285714285714286,0.8928571428571429,0.9642857142857143,0.9642857142857143,0.9642857142857143,0.9359605911330048,0.044767322671340225,11
0.0022090673446655273,5.5459180087185384e-05,0.0003200531005859375,2.674822703601494e-05,10.0,1,sigmoid,1e-05,"{'C': 10, 'degree': 1, 'kernel': 'sigmoid', 'tol': 1e-05}",0.896551724137931,0.896551724137931,0.8571428571428571,0.9285714285714286,0.7857142857142857,0.8928571428571429,0.9285714285714286,0.9285714285714286,0.9285714285714286,0.9285714285714286,0.897167487684729,0.04355934136046849,142
0.0016969919204711914,0.00010147252980141873,0.00018761157989501953,5.494449137337293e-06,10.0,3,linear,1e-05,"{'C': 10, 'degree': 3, 'kernel': 'linear', 'tol': 1e-05}",0.8620689655172413,0.9655172413793104,0.8571428571428571,0.9642857142857143,0.8214285714285714,0.8928571428571429,0.9285714285714286,0.9642857142857143,0.9642857142857143,0.9285714285714286,0.9149014778325123,0.05059898083326618,91
0.0016688108444213867,5.343068873721854e-05,0.00022737979888916017,5.648105443321156e-06,10.0,3,poly,1e-05,"{'C': 10, 'degree': 3, 'kernel': 'poly', 'tol': 1e-05}",0.9655172413793104,0.9655172413793104,0.9285714285714286,0.9642857142857143,0.8571428571428571,0.9285714285714286,0.8928571428571429,0.9642857142857143,0.9642857142857143,0.9642857142857143,0.9395320197044332,0.036066927267173345,4
0.0018364667892456054,4.201285129019994e-05,0.00040504932403564455,1.7615712857243344e-05,10.0,3,rbf,1e-05,"{'C': 10, 'degree': 3, 'kernel': 'rbf', 'tol': 1e-05}",0.9655172413793104,0.9655172413793104,0.9285714285714286,0.9642857142857143,0.8214285714285714,0.9285714285714286,0.8928571428571429,0.9642857142857143,0.9642857142857143,0.9642857142857143,0.9359605911330048,0.044767322671340225,11
0.00218815803527832,8.888433929195702e-05,0.00029904842376708983,6.802287217317887e-06,10.0,3,sigmoid,1e-05,"{'C': 10, 'degree': 3, 'kernel': 'sigmoid', 'tol': 1e-05}",0.896551724137931,0.896551724137931,0.8571428571428571,0.9285714285714286,0.7857142857142857,0.8928571428571429,0.9285714285714286,0.9285714285714286,0.9285714285714286,0.9285714285714286,0.897167487684729,0.04355934136046849,142
0.0018128156661987305,0.00013498556928273514,0.00021357536315917968,2.7498624668968492e-05,10.0,5,linear,1e-05,"{'C': 10, 'degree': 5, 'kernel': 'linear', 'tol': 1e-05}",0.8620689655172413,0.9655172413793104,0.8571428571428571,0.9642857142857143,0.8214285714285714,0.8928571428571429,0.9285714285714286,0.9642857142857143,0.9642857142857143,0.9285714285714286,0.9149014778325123,0.05059898083326618,91
0.0016450166702270507,8.114208125797807e-05,0.0002255678176879883,1.3010076091539181e-05,10.0,5,poly,1e-05,"{'C': 10, 'degree': 5, 'kernel': 'poly', 'tol': 1e-05}",0.896551724137931,0.9655172413793104,0.9285714285714286,0.9642857142857143,0.8571428571428571,0.9285714285714286,0.8928571428571429,1.0,1.0,0.9285714285714286,0.9362068965517242,0.04434455287902366,5
0.0018504858016967773,3.5322217409823216e-05,0.000411224365234375,2.662481237854288e-05,10.0,5,rbf,1e-05,"{'C': 10, 'degree': 5, 'kernel': 'rbf', 'tol': 1e-05}",0.9655172413793104,0.9655172413793104,0.9285714285714286,0.9642857142857143,0.8214285714285714,0.9285714285714286,0.8928571428571429,0.9642857142857143,0.9642857142857143,0.9642857142857143,0.9359605911330048,0.044767322671340225,11
0.002183413505554199,6.0593269242506065e-05,0.0003050565719604492,2.064083977295253e-05,10.0,5,sigmoid,1e-05,"{'C': 10, 'degree': 5, 'kernel': 'sigmoid', 'tol': 1e-05}",0.896551724137931,0.896551724137931,0.8571428571428571,0.9285714285714286,0.7857142857142857,0.8928571428571429,0.9285714285714286,0.9285714285714286,0.9285714285714286,0.9285714285714286,0.897167487684729,0.04355934136046849,142
0.0016980171203613281,0.0001040501947665865,0.0001943826675415039,2.0290821847402362e-05,10.0,7,linear,1e-05,"{'C': 10, 'degree': 7, 'kernel': 'linear', 'tol': 1e-05}",0.8620689655172413,0.9655172413793104,0.8571428571428571,0.9642857142857143,0.8214285714285714,0.8928571428571429,0.9285714285714286,0.9642857142857143,0.9642857142857143,0.9285714285714286,0.9149014778325123,0.05059898083326618,91
0.001625800132751465,3.491647213374747e-05,0.00023088455200195312,9.026717583476102e-06,10.0,7,poly,1e-05,"{'C': 10, 'degree': 7, 'kernel': 'poly', 'tol': 1e-05}",0.896551724137931,0.9655172413793104,0.9285714285714286,0.9285714285714286,0.8571428571428571,0.9285714285714286,0.8928571428571429,1.0,1.0,0.9285714285714286,0.9326354679802955,0.04336671885897822,21
0.0019059181213378906,7.856085735825155e-05,0.0004129886627197266,1.3831072557737845e-05,10.0,7,rbf,1e-05,"{'C': 10, 'degree': 7, 'kernel': 'rbf', 'tol': 1e-05}",0.9655172413793104,0.9655172413793104,0.9285714285714286,0.9642857142857143,0.8214285714285714,0.9285714285714286,0.8928571428571429,0.9642857142857143,0.9642857142857143,0.9642857142857143,0.9359605911330048,0.044767322671340225,11
0.0022211074829101562,6.835091008415388e-05,0.00030689239501953126,1.8082379274707886e-05,10.0,7,sigmoid,1e-05,"{'C': 10, 'degree': 7, 'kernel': 'sigmoid', 'tol': 1e-05}",0.896551724137931,0.896551724137931,0.8571428571428571,0.9285714285714286,0.7857142857142857,0.8928571428571429,0.9285714285714286,0.9285714285714286,0.9285714285714286,0.9285714285714286,0.897167487684729,0.04355934136046849,142
0.001730036735534668,9.620678899868203e-05,0.00019598007202148438,1.9217779815120212e-05,10.0,9,linear,1e-05,"{'C': 10, 'degree': 9, 'kernel': 'linear', 'tol': 1e-05}",0.8620689655172413,0.9655172413793104,0.8571428571428571,0.9642857142857143,0.8214285714285714,0.8928571428571429,0.9285714285714286,0.9642857142857143,0.9642857142857143,0.9285714285714286,0.9149014778325123,0.05059898083326618,91
0.0016721725463867188,5.816301255165342e-05,0.00023627281188964844,2.451263028338773e-05,10.0,9,poly,1e-05,"{'C': 10, 'degree': 9, 'kernel': 'poly', 'tol': 1e-05}",0.896551724137931,0.9655172413793104,0.9642857142857143,0.9285714285714286,0.8571428571428571,0.9285714285714286,0.8928571428571429,1.0,1.0,0.8928571428571429,0.9326354679802955,0.04621443871140256,21
0.001814889907836914,6.71131826642389e-05,0.00040438175201416013,3.171261974477802e-05,10.0,9,rbf,1e-05,"{'C': 10, 'degree': 9, 'kernel': 'rbf', 'tol': 1e-05}",0.9655172413793104,0.9655172413793104,0.9285714285714286,0.9642857142857143,0.8214285714285714,0.9285714285714286,0.8928571428571429,0.9642857142857143,0.9642857142857143,0.9642857142857143,0.9359605911330048,0.044767322671340225,11
0.0021872758865356446,6.707748573415744e-05,0.0003153085708618164,2.1273364498578497e-05,10.0,9,sigmoid,1e-05,"{'C': 10, 'degree': 9, 'kernel': 'sigmoid', 'tol': 1e-05}",0.896551724137931,0.896551724137931,0.8571428571428571,0.9285714285714286,0.7857142857142857,0.8928571428571429,0.9285714285714286,0.9285714285714286,0.9285714285714286,0.9285714285714286,0.897167487684729,0.04355934136046849,142
0.0017417430877685546,0.00013752549916379295,0.00019664764404296874,3.59986474852622e-05,30.0,1,linear,1e-05,"{'C': 30, 'degree': 1, 'kernel': 'linear', 'tol': 1e-05}",0.8620689655172413,0.9655172413793104,0.8571428571428571,0.9642857142857143,0.8214285714285714,0.8571428571428571,0.9285714285714286,0.9642857142857143,0.9642857142857143,0.9285714285714286,0.9113300492610836,0.053221352061657914,104
0.0016791820526123047,9.067688911769045e-05,0.0002336263656616211,2.1199005088387368e-05,30.0,1,poly,1e-05,"{'C': 30, 'degree': 1, 'kernel': 'poly', 'tol': 1e-05}",0.9655172413793104,0.9655172413793104,0.8928571428571429,0.9642857142857143,0.8571428571428571,0.9285714285714286,0.8928571428571429,0.9285714285714286,0.9642857142857143,0.9285714285714286,0.9288177339901477,0.03596312157909856,49
0.0017518997192382812,6.753148910299208e-05,0.0003704071044921875,4.421558524566337e-05,30.0,1,rbf,1e-05,"{'C': 30, 'degree': 1, 'kernel': 'rbf', 'tol': 1e-05}",0.9310344827586207,0.9655172413793104,0.9285714285714286,0.9642857142857143,0.8571428571428571,0.9285714285714286,0.8928571428571429,0.9642857142857143,1.0,0.9285714285714286,0.9360837438423646,0.038519246043455566,6
0.001896500587463379,3.0989875827829556e-05,0.0002575397491455078,8.759928180375475e-06,30.0,1,sigmoid,1e-05,"{'C': 30, 'degree': 1, 'kernel': 'sigmoid', 'tol': 1e-05}",0.9310344827586207,0.9310344827586207,0.8928571428571429,0.9642857142857143,0.7857142857142857,0.8928571428571429,1.0,0.9642857142857143,0.9285714285714286,0.9285714285714286,0.9219211822660099,0.05493825662558826,81
0.001775646209716797,0.00013533606303091242,0.0001934051513671875,2.0457036554698885e-05,30.0,3,linear,1e-05,"{'C': 30, 'degree': 3, 'kernel': 'linear', 'tol': 1e-05}",0.8620689655172413,0.9655172413793104,0.8571428571428571,0.9642857142857143,0.8214285714285714,0.8571428571428571,0.9285714285714286,0.9642857142857143,0.9642857142857143,0.9285714285714286,0.9113300492610836,0.053221352061657914,104
0.00156710147857666,8.418832810702789e-05,0.00021562576293945312,1.5248429238613515e-05,30.0,3,poly,1e-05,"{'C': 30, 'degree': 3, 'kernel': 'poly', 'tol': 1e-05}",0.896551724137931,0.9655172413793104,0.8928571428571429,0.9642857142857143,0.8571428571428571,0.9285714285714286,0.8928571428571429,0.9642857142857143,1.0,0.9285714285714286,0.9290640394088671,0.04206417757504782,34
0.0017416000366210938,7.438887384792773e-05,0.00036101341247558595,2.3096300704238596e-05,30.0,3,rbf,1e-05,"{'C': 30, 'degree': 3, 'kernel': 'rbf', 'tol': 1e-05}",0.9310344827586207,0.9655172413793104,0.9285714285714286,0.9642857142857143,0.8571428571428571,0.9285714285714286,0.8928571428571429,0.9642857142857143,1.0,0.9285714285714286,0.9360837438423646,0.038519246043455566,6
0.0019083023071289062,3.686632806453498e-05,0.0002694845199584961,1.755610874257909e-05,30.0,3,sigmoid,1e-05,"{'C': 30, 'degree': 3, 'kernel': 'sigmoid', 'tol': 1e-05}",0.9310344827586207,0.9310344827586207,0.8928571428571429,0.9642857142857143,0.7857142857142857,0.8928571428571429,1.0,0.9642857142857143,0.9285714285714286,0.9285714285714286,0.9219211822660099,0.05493825662558826,81
0.001781463623046875,0.00013021396092240413,0.00019810199737548828,2.3607159812630136e-05,30.0,5,linear,1e-05,"{'C': 30, 'degree': 5, 'kernel': 'linear', 'tol': 1e-05}",0.8620689655172413,0.9655172413793104,0.8571428571428571,0.9642857142857143,0.8214285714285714,0.8571428571428571,0.9285714285714286,0.9642857142857143,0.9642857142857143,0.9285714285714286,0.9113300492610836,0.053221352061657914,104
0.0015433073043823243,6.619029219746363e-05,0.0002144336700439453,1.73993952166633e-05,30.0,5,poly,1e-05,"{'C': 30, 'degree': 5, 'kernel': 'poly', 'tol': 1e-05}",0.896551724137931,0.9655172413793104,0.9285714285714286,0.9285714285714286,0.8571428571428571,0.9285714285714286,0.8928571428571429,0.9642857142857143,0.9642857142857143,0.9285714285714286,0.9254926108374384,0.033502290665301825,51
0.0017426252365112306,6.05856700392864e-05,0.0003557920455932617,2.023527740991294e-05,30.0,5,rbf,1e-05,"{'C': 30, 'degree': 5, 'kernel': 'rbf', 'tol': 1e-05}",0.9310344827586207,0.9655172413793104,0.9285714285714286,0.9642857142857143,0.8571428571428571,0.9285714285714286,0.8928571428571429,0.9642857142857143,1.0,0.9285714285714286,0.9360837438423646,0.038519246043455566,6
0.0019153356552124023,6.493283057669056e-05,0.0002667427062988281,2.0621153558353087e-05,30.0,5,sigmoid,1e-05,"{'C': 30, 'degree': 5, 'kernel': 'sigmoid', 'tol': 1e-05}",0.9310344827586207,0.9310344827586207,0.8928571428571429,0.9642857142857143,0.7857142857142857,0.8928571428571429,1.0,0.9642857142857143,0.9285714285714286,0.9285714285714286,0.9219211822660099,0.05493825662558826,81
0.0017868757247924804,0.000140791815370856,0.0002101898193359375,3.434174460055113e-05,30.0,7,linear,1e-05,"{'C': 30, 'degree': 7, 'kernel': 'linear', 'tol': 1e-05}",0.8620689655172413,0.9655172413793104,0.8571428571428571,0.9642857142857143,0.8214285714285714,0.8571428571428571,0.9285714285714286,0.9642857142857143,0.9642857142857143,0.9285714285714286,0.9113300492610836,0.053221352061657914,104
0.0015739202499389648,5.381950232963716e-05,0.00022068023681640626,2.0763835590478917e-05,30.0,7,poly,1e-05,"{'C': 30, 'degree': 7, 'kernel': 'poly', 'tol': 1e-05}",0.9310344827586207,0.9655172413793104,0.9285714285714286,0.9285714285714286,0.8571428571428571,0.9285714285714286,0.8928571428571429,0.9642857142857143,1.0,0.9285714285714286,0.9325123152709359,0.0373776081110026,23
0.0017606496810913086,4.453848588696722e-05,0.000358891487121582,2.1218195363780592e-05,30.0,7,rbf,1e-05,"{'C': 30, 'degree': 7, 'kernel': 'rbf', 'tol': 1e-05}",0.9310344827586207,0.9655172413793104,0.9285714285714286,0.9642857142857143,0.8571428571428571,0.9285714285714286,0.8928571428571429,0.9642857142857143,1.0,0.9285714285714286,0.9360837438423646,0.038519246043455566,6
0.0019422054290771484,4.739096900065786e-05,0.00027573108673095703,2.5267476831848373e-05,30.0,7,sigmoid,1e-05,"{'C': 30, 'degree': 7, 'kernel': 'sigmoid', 'tol': 1e-05}",0.9310344827586207,0.9310344827586207,0.8928571428571429,0.9642857142857143,0.7857142857142857,0.8928571428571429,1.0,0.9642857142857143,0.9285714285714286,0.9285714285714286,0.9219211822660099,0.05493825662558826,81
0.0017551898956298829,0.0001279619767297009,0.00019121170043945312,6.549354462263111e-06,30.0,9,linear,1e-05,"{'C': 30, 'degree': 9, 'kernel': 'linear', 'tol': 1e-05}",0.8620689655172413,0.9655172413793104,0.8571428571428571,0.9642857142857143,0.8214285714285714,0.8571428571428571,0.9285714285714286,0.9642857142857143,0.9642857142857143,0.9285714285714286,0.9113300492610836,0.053221352061657914,104
0.0015970230102539062,5.4159360906422905e-05,0.0002240419387817383,1.9463208379051627e-05,30.0,9,poly,1e-05,"{'C': 30, 'degree': 9, 'kernel': 'poly', 'tol': 1e-05}",0.9310344827586207,0.9655172413793104,0.9285714285714286,0.9285714285714286,0.8571428571428571,0.9285714285714286,0.8928571428571429,1.0,1.0,0.8928571428571429,0.9325123152709359,0.04367252763159398,23
0.00174405574798584,6.27794148690922e-05,0.00035343170166015627,6.728474754169917e-06,30.0,9,rbf,1e-05,"{'C': 30, 'degree': 9, 'kernel': 'rbf', 'tol': 1e-05}",0.9310344827586207,0.9655172413793104,0.9285714285714286,0.9642857142857143,0.8571428571428571,0.9285714285714286,0.8928571428571429,0.9642857142857143,1.0,0.9285714285714286,0.9360837438423646,0.038519246043455566,6
0.0018982648849487304,5.7059244701411576e-05,0.00027713775634765627,2.0311304006905976e-05,30.0,9,sigmoid,1e-05,"{'C': 30, 'degree': 9, 'kernel': 'sigmoid', 'tol': 1e-05}",0.9310344827586207,0.9310344827586207,0.8928571428571429,0.9642857142857143,0.7857142857142857,0.8928571428571429,1.0,0.9642857142857143,0.9285714285714286,0.9285714285714286,0.9219211822660099,0.05493825662558826,81
0.0017585277557373047,0.00012767726960999414,0.00019686222076416017,1.994469387135644e-05,50.0,1,linear,1e-05,"{'C': 50, 'degree': 1, 'kernel': 'linear', 'tol': 1e-05}",0.8620689655172413,0.9655172413793104,0.8571428571428571,0.9642857142857143,0.8214285714285714,0.8571428571428571,0.9285714285714286,0.9642857142857143,0.9642857142857143,0.9285714285714286,0.9113300492610836,0.053221352061657914,104
0.0016537904739379883,7.96844150166601e-05,0.0002238750457763672,1.9631565904845143e-05,50.0,1,poly,1e-05,"{'C': 50, 'degree': 1, 'kernel': 'poly', 'tol': 1e-05}",0.9310344827586207,0.9655172413793104,0.9285714285714286,0.9642857142857143,0.8571428571428571,0.9285714285714286,0.8928571428571429,0.9285714285714286,0.9642857142857143,0.9285714285714286,0.9289408866995073,0.03209091172816922,42
0.001660466194152832,6.208075987763876e-05,0.00032856464385986326,1.1459206494175937e-05,50.0,1,rbf,1e-05,"{'C': 50, 'degree': 1, 'kernel': 'rbf', 'tol': 1e-05}",0.896551724137931,0.9655172413793104,0.9285714285714286,0.9642857142857143,0.8571428571428571,0.9285714285714286,0.8928571428571429,0.9642857142857143,0.9642857142857143,0.9285714285714286,0.929064039408867,0.03548508071616159,35
0.0018538713455200195,0.00016873797817306042,0.00024278163909912108,8.14055441245365e-06,50.0,1,sigmoid,1e-05,"{'C': 50, 'degree': 1, 'kernel': 'sigmoid', 'tol': 1e-05}",0.9310344827586207,0.9655172413793104,0.8928571428571429,0.9642857142857143,0.7857142857142857,0.8928571428571429,0.9285714285714286,0.9642857142857143,0.9285714285714286,0.8928571428571429,0.914655172413793,0.05120561702706951,97
0.0017940759658813476,0.00015014160666414984,0.00020465850830078124,4.130744828397108e-05,50.0,3,linear,1e-05,"{'C': 50, 'degree': 3, 'kernel': 'linear', 'tol': 1e-05}",0.8620689655172413,0.9655172413793104,0.8571428571428571,0.9642857142857143,0.8214285714285714,0.8571428571428571,0.9285714285714286,0.9642857142857143,0.9642857142857143,0.9285714285714286,0.9113300492610836,0.053221352061657914,104
0.0015578985214233399,6.964320965762854e-05,0.00020868778228759765,1.2290957586724966e-05,50.0,3,poly,1e-05,"{'C': 50, 'degree': 3, 'kernel': 'poly', 'tol': 1e-05}",0.896551724137931,0.9655172413793104,0.9285714285714286,0.9642857142857143,0.8571428571428571,0.9285714285714286,0.8928571428571429,0.9642857142857143,0.9642857142857143,0.9285714285714286,0.929064039408867,0.03548508071616159,35
0.0016506433486938477,4.265281726205875e-05,0.0003271579742431641,8.381218484888227e-06,50.0,3,rbf,1e-05,"{'C': 50, 'degree': 3, 'kernel': 'rbf', 'tol': 1e-05}",0.896551724137931,0.9655172413793104,0.9285714285714286,0.9642857142857143,0.8571428571428571,0.9285714285714286,0.8928571428571429,0.9642857142857143,0.9642857142857143,0.9285714285714286,0.929064039408867,0.03548508071616159,35
0.0018433094024658202,0.00014586947477153998,0.00024716854095458985,8.179564318064846e-06,50.0,3,sigmoid,1e-05,"{'C': 50, 'degree': 3, 'kernel': 'sigmoid', 'tol': 1e-05}",0.9310344827586207,0.9655172413793104,0.8928571428571429,0.9642857142857143,0.7857142857142857,0.8928571428571429,0.9285714285714286,0.9642857142857143,0.9285714285714286,0.8928571428571429,0.914655172413793,0.05120561702706951,97
0.001819276809692383,0.00015663154201858942,0.0002092123031616211,3.177346896111071e-05,50.0,5,linear,1e-05,"{'C': 50, 'degree': 5, 'kernel': 'linear', 'tol': 1e-05}",0.8620689655172413,0.9655172413793104,0.8571428571428571,0.9642857142857143,0.8214285714285714,0.8571428571428571,0.9285714285714286,0.9642857142857143,0.9642857142857143,0.9285714285714286,0.9113300492610836,0.053221352061657914,104
0.0015694856643676757,8.482572862570403e-05,0.0002070188522338867,8.790535366720906e-06,50.0,5,poly,1e-05,"{'C': 50, 'degree': 5, 'kernel': 'poly', 'tol': 1e-05}",0.9310344827586207,0.9655172413793104,0.9285714285714286,0.9285714285714286,0.8571428571428571,0.9285714285714286,0.8928571428571429,0.9642857142857143,1.0,0.9285714285714286,0.9325123152709359,0.0373776081110026,23
0.0016681432723999023,8.454001757318103e-05,0.00033075809478759765,2.5765769099903953e-05,50.0,5,rbf,1e-05,"{'C': 50, 'degree': 5, 'kernel': 'rbf', 'tol': 1e-05}",0.896551724137931,0.9655172413793104,0.9285714285714286,0.9642857142857143,0.8571428571428571,0.9285714285714286,0.8928571428571429,0.9642857142857143,0.9642857142857143,0.9285714285714286,0.929064039408867,0.03548508071616159,35
0.0018116950988769532,0.0001350673888099177,0.00023920536041259765,6.57797680681801e-06,50.0,5,sigmoid,1e-05,"{'C': 50, 'degree': 5, 'kernel': 'sigmoid', 'tol': 1e-05}",0.9310344827586207,0.9655172413793104,0.8928571428571429,0.9642857142857143,0.7857142857142857,0.8928571428571429,0.9285714285714286,0.9642857142857143,0.9285714285714286,0.8928571428571429,0.914655172413793,0.05120561702706951,97
0.00177459716796875,0.00014168395126628764,0.00018916130065917968,7.043806479345359e-06,50.0,7,linear,1e-05,"{'C': 50, 'degree': 7, 'kernel': 'linear', 'tol': 1e-05}",0.8620689655172413,0.9655172413793104,0.8571428571428571,0.9642857142857143,0.8214285714285714,0.8571428571428571,0.9285714285714286,0.9642857142857143,0.9642857142857143,0.9285714285714286,0.9113300492610836,0.053221352061657914,104
0.0016283512115478516,8.847262127629735e-05,0.00022306442260742188,1.9880221235996858e-05,50.0,7,poly,1e-05,"{'C': 50, 'degree': 7, 'kernel': 'poly', 'tol': 1e-05}",0.9310344827586207,0.9655172413793104,0.9285714285714286,0.9285714285714286,0.8571428571428571,0.9285714285714286,0.8928571428571429,0.9642857142857143,1.0,0.9285714285714286,0.9325123152709359,0.0373776081110026,23
0.001684880256652832,9.322602110631296e-05,0.0003425836563110352,3.281274619031851e-05,50.0,7,rbf,1e-05,"{'C': 50, 'degree': 7, 'kernel': 'rbf', 'tol': 1e-05}",0.896551724137931,0.9655172413793104,0.9285714285714286,0.9642857142857143,0.8571428571428571,0.9285714285714286,0.8928571428571429,0.9642857142857143,0.9642857142857143,0.9285714285714286,0.929064039408867,0.03548508071616159,35
0.0018401861190795899,0.00014108454622048286,0.0002498626708984375,1.72694725279933e-05,50.0,7,sigmoid,1e-05,"{'C': 50, 'degree': 7, 'kernel': 'sigmoid', 'tol': 1e-05}",0.9310344827586207,0.9655172413793104,0.8928571428571429,0.9642857142857143,0.7857142857142857,0.8928571428571429,0.9285714285714286,0.9642857142857143,0.9285714285714286,0.8928571428571429,0.914655172413793,0.05120561702706951,97
0.0017547607421875,0.00017240614394408165,0.0001861572265625,7.721081787188958e-06,50.0,9,linear,1e-05,"{'C': 50, 'degree': 9, 'kernel': 'linear', 'tol': 1e-05}",0.8620689655172413,0.9655172413793104,0.8571428571428571,0.9642857142857143,0.8214285714285714,0.8571428571428571,0.9285714285714286,0.9642857142857143,0.9642857142857143,0.9285714285714286,0.9113300492610836,0.053221352061657914,104
0.001612234115600586,5.244025183573385e-05,0.0002254486083984375,2.4302374281138657e-05,50.0,9,poly,1e-05,"{'C': 50, 'degree': 9, 'kernel': 'poly', 'tol': 1e-05}",0.9310344827586207,0.9655172413793104,0.9285714285714286,0.9285714285714286,0.8571428571428571,0.9285714285714286,0.8928571428571429,1.0,1.0,0.8928571428571429,0.9325123152709359,0.04367252763159398,23
0.0016565561294555665,7.949394939656553e-05,0.0003345251083374023,2.3532155314928485e-05,50.0,9,rbf,1e-05,"{'C': 50, 'degree': 9, 'kernel': 'rbf', 'tol': 1e-05}",0.896551724137931,0.9655172413793104,0.9285714285714286,0.9642857142857143,0.8571428571428571,0.9285714285714286,0.8928571428571429,0.9642857142857143,0.9642857142857143,0.9285714285714286,0.929064039408867,0.03548508071616159,35
0.001865983009338379,0.00013369646814625065,0.00026621818542480467,2.6124454021991728e-05,50.0,9,sigmoid,1e-05,"{'C': 50, 'degree': 9, 'kernel': 'sigmoid', 'tol': 1e-05}",0.9310344827586207,0.9655172413793104,0.8928571428571429,0.9642857142857143,0.7857142857142857,0.8928571428571429,0.9285714285714286,0.9642857142857143,0.9285714285714286,0.8928571428571429,0.914655172413793,0.05120561702706951,97
0.0017727851867675782,0.00014179208921992449,0.00019459724426269532,1.2187737625593564e-05,100.0,1,linear,1e-05,"{'C': 100, 'degree': 1, 'kernel': 'linear', 'tol': 1e-05}",0.8620689655172413,0.9655172413793104,0.8571428571428571,0.9642857142857143,0.8214285714285714,0.8571428571428571,0.9285714285714286,0.9642857142857143,0.9642857142857143,0.9285714285714286,0.9113300492610836,0.053221352061657914,104
0.0016659975051879882,0.00010103987261704047,0.0002277851104736328,4.3430704266810765e-05,100.0,1,poly,1e-05,"{'C': 100, 'degree': 1, 'kernel': 'poly', 'tol': 1e-05}",0.896551724137931,0.9655172413793104,0.8928571428571429,0.9642857142857143,0.8571428571428571,0.8928571428571429,0.8928571428571429,0.9642857142857143,0.9642857142857143,0.9285714285714286,0.9219211822660098,0.03834462001067759,86
0.0016362905502319337,7.859532376831838e-05,0.0003053426742553711,1.3857863280951447e-05,100.0,1,rbf,1e-05,"{'C': 100, 'degree': 1, 'kernel': 'rbf', 'tol': 1e-05}",0.896551724137931,0.9655172413793104,0.9285714285714286,0.9642857142857143,0.8214285714285714,0.9285714285714286,0.8928571428571429,0.9642857142857143,0.9642857142857143,0.9285714285714286,0.9254926108374384,0.0434477801765677,51
0.0016991853713989257,0.00010772190711953291,0.00023276805877685546,3.6157504009284936e-05,100.0,1,sigmoid,1e-05,"{'C': 100, 'degree': 1, 'kernel': 'sigmoid', 'tol': 1e-05}",0.896551724137931,0.9655172413793104,0.8214285714285714,0.9642857142857143,0.7857142857142857,0.8928571428571429,0.9285714285714286,0.9642857142857143,0.9285714285714286,0.9285714285714286,0.9076354679802956,0.058070126409019096,131
0.0017609119415283204,0.00011943580088399742,0.0002048492431640625,2.175464692920942e-05,100.0,3,linear,1e-05,"{'C': 100, 'degree': 3, 'kernel': 'linear', 'tol': 1e-05}",0.8620689655172413,0.9655172413793104,0.8571428571428571,0.9642857142857143,0.8214285714285714,0.8571428571428571,0.9285714285714286,0.9642857142857143,0.9642857142857143,0.9285714285714286,0.9113300492610836,0.053221352061657914,104
0.0015714645385742187,7.628349888332262e-05,0.00020766258239746094,2.0342288972062858e-05,100.0,3,poly,1e-05,"{'C': 100, 'degree': 3, 'kernel': 'poly', 'tol': 1e-05}",0.9310344827586207,0.9655172413793104,0.9285714285714286,0.9285714285714286,0.8214285714285714,0.9285714285714286,0.8928571428571429,0.9642857142857143,0.9642857142857143,0.9285714285714286,0.9253694581280788,0.04071198352051007,65
0.001654505729675293,5.586084218143127e-05,0.00030477046966552733,1.0449182139384336e-05,100.0,3,rbf,1e-05,"{'C': 100, 'degree': 3, 'kernel': 'rbf', 'tol': 1e-05}",0.896551724137931,0.9655172413793104,0.9285714285714286,0.9642857142857143,0.8214285714285714,0.9285714285714286,0.8928571428571429,0.9642857142857143,0.9642857142857143,0.9285714285714286,0.9254926108374384,0.0434477801765677,51
0.0016962289810180664,7.933947376524907e-05,0.00023441314697265626,2.8916507702447946e-05,100.0,3,sigmoid,1e-05,"{'C': 100, 'degree': 3, 'kernel': 'sigmoid', 'tol': 1e-05}",0.896551724137931,0.9655172413793104,0.8214285714285714,0.9642857142857143,0.7857142857142857,0.8928571428571429,0.9285714285714286,0.9642857142857143,0.9285714285714286,0.9285714285714286,0.9076354679802956,0.058070126409019096,131
0.0017441987991333007,0.00011602389984918204,0.000189208984375,1.1359438126544316e-05,100.0,5,linear,1e-05,"{'C': 100, 'degree': 5, 'kernel': 'linear', 'tol': 1e-05}",0.8620689655172413,0.9655172413793104,0.8571428571428571,0.9642857142857143,0.8214285714285714,0.8571428571428571,0.9285714285714286,0.9642857142857143,0.9642857142857143,0.9285714285714286,0.9113300492610836,0.053221352061657914,104
0.0015424251556396484,8.163629010771311e-05,0.00020427703857421874,1.335986756993432e-05,100.0,5,poly,1e-05,"{'C': 100, 'degree': 5, 'kernel': 'poly', 'tol': 1e-05}",0.9310344827586207,0.9655172413793104,0.9285714285714286,0.9285714285714286,0.8571428571428571,0.9285714285714286,0.8928571428571429,0.9642857142857143,1.0,0.9285714285714286,0.9325123152709359,0.0373776081110026,23
0.0016335248947143555,7.613913281622451e-05,0.0003034353256225586,1.262270460325494e-05,100.0,5,rbf,1e-05,"{'C': 100, 'degree': 5, 'kernel': 'rbf', 'tol': 1e-05}",0.896551724137931,0.9655172413793104,0.9285714285714286,0.9642857142857143,0.8214285714285714,0.9285714285714286,0.8928571428571429,0.9642857142857143,0.9642857142857143,0.9285714285714286,0.9254926108374384,0.0434477801765677,51
0.0017182588577270507,0.0001294069830487208,0.00022804737091064453,2.0869798421791866e-05,100.0,5,sigmoid,1e-05,"{'C': 100, 'degree': 5, 'kernel': 'sigmoid', 'tol': 1e-05}",0.896551724137931,0.9655172413793104,0.8214285714285714,0.9642857142857143,0.7857142857142857,0.8928571428571429,0.9285714285714286,0.9642857142857143,0.9285714285714286,0.9285714285714286,0.9076354679802956,0.058070126409019096,131
0.001783442497253418,0.00014187568478917447,0.00019943714141845703,1.9555919706899168e-05,100.0,7,linear,1e-05,"{'C': 100, 'degree': 7, 'kernel': 'linear', 'tol': 1e-05}",0.8620689655172413,0.9655172413793104,0.8571428571428571,0.9642857142857143,0.8214285714285714,0.8571428571428571,0.9285714285714286,0.9642857142857143,0.9642857142857143,0.9285714285714286,0.9113300492610836,0.053221352061657914,104
0.001605391502380371,6.425318779585022e-05,0.0002125978469848633,8.808622774258844e-06,100.0,7,poly,1e-05,"{'C': 100, 'degree': 7, 'kernel': 'poly', 'tol': 1e-05}",0.9310344827586207,0.9655172413793104,0.9285714285714286,0.9285714285714286,0.8571428571428571,0.9285714285714286,0.8928571428571429,0.9642857142857143,1.0,0.9285714285714286,0.9325123152709359,0.0373776081110026,23
0.001614856719970703,7.224042029941623e-05,0.00030324459075927737,1.9059310055608126e-05,100.0,7,rbf,1e-05,"{'C': 100, 'degree': 7, 'kernel': 'rbf', 'tol': 1e-05}",0.896551724137931,0.9655172413793104,0.9285714285714286,0.9642857142857143,0.8214285714285714,0.9285714285714286,0.8928571428571429,0.9642857142857143,0.9642857142857143,0.9285714285714286,0.9254926108374384,0.0434477801765677,51
0.0017036914825439454,8.35730274660711e-05,0.00021948814392089844,8.70616381914307e-06,100.0,7,sigmoid,1e-05,"{'C': 100, 'degree': 7, 'kernel': 'sigmoid', 'tol': 1e-05}",0.896551724137931,0.9655172413793104,0.8214285714285714,0.9642857142857143,0.7857142857142857,0.8928571428571429,0.9285714285714286,0.9642857142857143,0.9285714285714286,0.9285714285714286,0.9076354679802956,0.058070126409019096,131
0.001765894889831543,0.00013167441974689845,0.00019488334655761718,2.4148447965573517e-05,100.0,9,linear,1e-05,"{'C': 100, 'degree': 9, 'kernel': 'linear', 'tol': 1e-05}",0.8620689655172413,0.9655172413793104,0.8571428571428571,0.9642857142857143,0.8214285714285714,0.8571428571428571,0.9285714285714286,0.9642857142857143,0.9642857142857143,0.9285714285714286,0.9113300492610836,0.053221352061657914,104
0.001609635353088379,4.5833086845671794e-05,0.00022487640380859376,8.79295994519005e-06,100.0,9,poly,1e-05,"{'C': 100, 'degree': 9, 'kernel': 'poly', 'tol': 1e-05}",0.9310344827586207,0.9655172413793104,0.9285714285714286,0.9285714285714286,0.8571428571428571,0.9285714285714286,0.8928571428571429,1.0,1.0,0.8928571428571429,0.9325123152709359,0.04367252763159398,23
0.001640009880065918,6.988251909923714e-05,0.00031111240386962893,2.547409636518402e-05,100.0,9,rbf,1e-05,"{'C': 100, 'degree': 9, 'kernel': 'rbf', 'tol': 1e-05}",0.896551724137931,0.9655172413793104,0.9285714285714286,0.9642857142857143,0.8214285714285714,0.9285714285714286,0.8928571428571429,0.9642857142857143,0.9642857142857143,0.9285714285714286,0.9254926108374384,0.0434477801765677,51
0.0017227649688720704,0.00011547179634471542,0.00022745132446289062,1.5065337793339858e-05,100.0,9,sigmoid,1e-05,"{'C': 100, 'degree': 9, 'kernel': 'sigmoid', 'tol': 1e-05}",0.896551724137931,0.9655172413793104,0.8214285714285714,0.9642857142857143,0.7857142857142857,0.8928571428571429,0.9285714285714286,0.9642857142857143,0.9285714285714286,0.9285714285714286,0.9076354679802956,0.058070126409019096,131
0.001736760139465332,0.00017401401841395315,0.0001861572265625,1.468658447265625e-05,300.0,1,linear,1e-05,"{'C': 300, 'degree': 1, 'kernel': 'linear', 'tol': 1e-05}",0.8620689655172413,0.9655172413793104,0.8571428571428571,0.9642857142857143,0.8214285714285714,0.8571428571428571,0.9285714285714286,0.9642857142857143,0.9642857142857143,0.9285714285714286,0.9113300492610836,0.053221352061657914,104
0.0016389846801757812,9.752795753621593e-05,0.00019700527191162108,2.754184554027067e-05,300.0,1,poly,1e-05,"{'C': 300, 'degree': 1, 'kernel': 'poly', 'tol': 1e-05}",0.8620689655172413,0.9655172413793104,0.8571428571428571,0.9642857142857143,0.8214285714285714,0.9285714285714286,0.9285714285714286,0.9642857142857143,0.9642857142857143,0.9285714285714286,0.9184729064039407,0.05017562400403439,88
0.0016609668731689454,6.633876039408849e-05,0.0003036975860595703,3.984327574580905e-05,300.0,1,rbf,1e-05,"{'C': 300, 'degree': 1, 'kernel': 'rbf', 'tol': 1e-05}",0.9310344827586207,0.9655172413793104,0.9285714285714286,0.9285714285714286,0.8214285714285714,0.9285714285714286,0.8928571428571429,0.9642857142857143,0.9642857142857143,0.9285714285714286,0.9253694581280788,0.04071198352051007,65
0.0017453432083129883,0.00017800942479948806,0.0002115011215209961,1.700793655346166e-05,300.0,1,sigmoid,1e-05,"{'C': 300, 'degree': 1, 'kernel': 'sigmoid', 'tol': 1e-05}",0.8620689655172413,0.9310344827586207,0.8214285714285714,0.9285714285714286,0.7857142857142857,0.8214285714285714,0.9285714285714286,0.9285714285714286,0.8928571428571429,0.8928571428571429,0.8793103448275863,0.05106903940643769,160
0.0017489194869995117,0.00013608034636599373,0.00019042491912841798,1.1877481440227215e-05,300.0,3,linear,1e-05,"{'C': 300, 'degree': 3, 'kernel': 'linear', 'tol': 1e-05}",0.8620689655172413,0.9655172413793104,0.8571428571428571,0.9642857142857143,0.8214285714285714,0.8571428571428571,0.9285714285714286,0.9642857142857143,0.9642857142857143,0.9285714285714286,0.9113300492610836,0.053221352061657914,104
0.001558375358581543,9.42009909013431e-05,0.00020751953125,2.4382470224208236e-05,300.0,3,poly,1e-05,"{'C': 300, 'degree': 3, 'kernel': 'poly', 'tol': 1e-05}",0.9310344827586207,0.9655172413793104,0.8928571428571429,0.9285714285714286,0.8214285714285714,0.9285714285714286,0.8928571428571429,0.9642857142857143,0.9642857142857143,0.9285714285714286,0.9217980295566501,0.04182571341996609,87
0.001750612258911133,6.567418821694344e-05,0.0003279209136962891,2.3178455385853976e-05,300.0,3,rbf,1e-05,"{'C': 300, 'degree': 3, 'kernel': 'rbf', 'tol': 1e-05}",0.9310344827586207,0.9655172413793104,0.9285714285714286,0.9285714285714286,0.8214285714285714,0.9285714285714286,0.8928571428571429,0.9642857142857143,0.9642857142857143,0.9285714285714286,0.9253694581280788,0.04071198352051007,65
0.0017046689987182616,0.0002174358475020994,0.0002028942108154297,1.9774661742423574e-05,300.0,3,sigmoid,1e-05,"{'C': 300, 'degree': 3, 'kernel': 'sigmoid', 'tol': 1e-05}",0.8620689655172413,0.9310344827586207,0.8214285714285714,0.9285714285714286,0.7857142857142857,0.8214285714285714,0.9285714285714286,0.9285714285714286,0.8928571428571429,0.8928571428571429,0.8793103448275863,0.05106903940643769,160
0.0017249584197998047,0.00017465273232564543,0.00018775463104248047,1.898843458542721e-05,300.0,5,linear,1e-05,"{'C': 300, 'degree': 5, 'kernel': 'linear', 'tol': 1e-05}",0.8620689655172413,0.9655172413793104,0.8571428571428571,0.9642857142857143,0.8214285714285714,0.8571428571428571,0.9285714285714286,0.9642857142857143,0.9642857142857143,0.9285714285714286,0.9113300492610836,0.053221352061657914,104
0.00164031982421875,9.252828162461666e-05,0.00022921562194824218,2.5739977206881676e-05,300.0,5,poly,1e-05,"{'C': 300, 'degree': 5, 'kernel': 'poly', 'tol': 1e-05}",0.9310344827586207,0.9655172413793104,0.9285714285714286,0.9285714285714286,0.8571428571428571,0.9285714285714286,0.8928571428571429,0.9642857142857143,1.0,0.9285714285714286,0.9325123152709359,0.0373776081110026,23
0.0017043113708496093,8.593395431831382e-05,0.00031216144561767577,2.838644283522433e-05,300.0,5,rbf,1e-05,"{'C': 300, 'degree': 5, 'kernel': 'rbf', 'tol': 1e-05}",0.9310344827586207,0.9655172413793104,0.9285714285714286,0.9285714285714286,0.8214285714285714,0.9285714285714286,0.8928571428571429,0.9642857142857143,0.9642857142857143,0.9285714285714286,0.9253694581280788,0.04071198352051007,65
0.0017081737518310548,0.0001745577096395899,0.0002002716064453125,1.3771433574149057e-05,300.0,5,sigmoid,1e-05,"{'C': 300, 'degree': 5, 'kernel': 'sigmoid', 'tol': 1e-05}",0.8620689655172413,0.9310344827586207,0.8214285714285714,0.9285714285714286,0.7857142857142857,0.8214285714285714,0.9285714285714286,0.9285714285714286,0.8928571428571429,0.8928571428571429,0.8793103448275863,0.05106903940643769,160
0.001781797409057617,0.00014731683936537818,0.00019481182098388672,1.6635552779804317e-05,300.0,7,linear,1e-05,"{'C': 300, 'degree': 7, 'kernel': 'linear', 'tol': 1e-05}",0.8620689655172413,0.9655172413793104,0.8571428571428571,0.9642857142857143,0.8214285714285714,0.8571428571428571,0.9285714285714286,0.9642857142857143,0.9642857142857143,0.9285714285714286,0.9113300492610836,0.053221352061657914,104
0.001619577407836914,7.033331919506055e-05,0.00021860599517822265,1.5389157467697696e-05,300.0,7,poly,1e-05,"{'C': 300, 'degree': 7, 'kernel': 'poly', 'tol': 1e-05}",0.9310344827586207,0.9655172413793104,0.9285714285714286,0.9285714285714286,0.8571428571428571,0.9285714285714286,0.8928571428571429,0.9642857142857143,1.0,0.9285714285714286,0.9325123152709359,0.0373776081110026,23
0.0016787052154541016,4.729205452430469e-05,0.00030624866485595703,2.1234584477743297e-05,300.0,7,rbf,1e-05,"{'C': 300, 'degree': 7, 'kernel': 'rbf', 'tol': 1e-05}",0.9310344827586207,0.9655172413793104,0.9285714285714286,0.9285714285714286,0.8214285714285714,0.9285714285714286,0.8928571428571429,0.9642857142857143,0.9642857142857143,0.9285714285714286,0.9253694581280788,0.04071198352051007,65
0.0017242670059204102,0.0001931424612406156,0.0002102375030517578,1.9464887627162793e-05,300.0,7,sigmoid,1e-05,"{'C': 300, 'degree': 7, 'kernel': 'sigmoid', 'tol': 1e-05}",0.8620689655172413,0.9310344827586207,0.8214285714285714,0.9285714285714286,0.7857142857142857,0.8214285714285714,0.9285714285714286,0.9285714285714286,0.8928571428571429,0.8928571428571429,0.8793103448275863,0.05106903940643769,160
0.0018102407455444336,0.00013730496990917138,0.00020668506622314453,1.929937650939159e-05,300.0,9,linear,1e-05,"{'C': 300, 'degree': 9, 'kernel': 'linear', 'tol': 1e-05}",0.8620689655172413,0.9655172413793104,0.8571428571428571,0.9642857142857143,0.8214285714285714,0.8571428571428571,0.9285714285714286,0.9642857142857143,0.9642857142857143,0.9285714285714286,0.9113300492610836,0.053221352061657914,104
0.001633024215698242,9.697513851533718e-05,0.00024478435516357423,3.651216101921313e-05,300.0,9,poly,1e-05,"{'C': 300, 'degree': 9, 'kernel': 'poly', 'tol': 1e-05}",0.9310344827586207,0.9655172413793104,0.9285714285714286,0.9285714285714286,0.8571428571428571,0.9285714285714286,0.8928571428571429,1.0,1.0,0.8928571428571429,0.9325123152709359,0.04367252763159398,23
0.0016874074935913086,6.495996289000303e-05,0.0003137350082397461,1.3821884025526371e-05,300.0,9,rbf,1e-05,"{'C': 300, 'degree': 9, 'kernel': 'rbf', 'tol': 1e-05}",0.9310344827586207,0.9655172413793104,0.9285714285714286,0.9285714285714286,0.8214285714285714,0.9285714285714286,0.8928571428571429,0.9642857142857143,0.9642857142857143,0.9285714285714286,0.9253694581280788,0.04071198352051007,65
0.0017056226730346679,0.00019018811450802813,0.00021059513092041015,1.2588884788499788e-05,300.0,9,sigmoid,1e-05,"{'C': 300, 'degree': 9, 'kernel': 'sigmoid', 'tol': 1e-05}",0.8620689655172413,0.9310344827586207,0.8214285714285714,0.9285714285714286,0.7857142857142857,0.8214285714285714,0.9285714285714286,0.9285714285714286,0.8928571428571429,0.8928571428571429,0.8793103448275863,0.05106903940643769,160
