mean_fit_time,std_fit_time,mean_score_time,std_score_time,param_learning_rate,param_max_depth,param_n_estimators,param_reg_lambda,params,split0_test_score,split1_test_score,split2_test_score,split3_test_score,split4_test_score,split5_test_score,split6_test_score,split7_test_score,split8_test_score,split9_test_score,mean_test_score,std_test_score,rank_test_score
0.02795732021331787,0.002086340164390682,0.0006616592407226562,4.9871422489742116e-05,0.001,-1,40,0,"{'learning_rate': 0.001, 'max_depth': -1, 'n_estimators': 40, 'reg_lambda': 0}",0.5357142857142857,0.5555555555555556,0.5555555555555556,0.5555555555555556,0.5185185185185185,0.5185185185185185,0.5185185185185185,0.5185185185185185,0.5185185185185185,0.5185185185185185,0.5313492063492063,0.01662725246339269,30
0.05142698287963867,0.0031314978922827603,0.00070037841796875,5.599733264264108e-05,0.001,-1,80,0,"{'learning_rate': 0.001, 'max_depth': -1, 'n_estimators': 80, 'reg_lambda': 0}",0.8571428571428571,0.7777777777777778,0.9259259259259259,0.8888888888888888,0.7407407407407407,0.8148148148148148,0.7777777777777778,0.8518518518518519,0.7037037037037037,0.8518518518518519,0.819047619047619,0.06539477060520793,29
0.1037599802017212,0.008259828382450854,0.0008040428161621094,9.019543434178876e-05,0.001,-1,160,0,"{'learning_rate': 0.001, 'max_depth': -1, 'n_estimators': 160, 'reg_lambda': 0}",0.8928571428571429,0.7777777777777778,0.8888888888888888,0.8888888888888888,0.8148148148148148,0.8148148148148148,0.8148148148148148,0.8518518518518519,0.8518518518518519,0.8518518518518519,0.8448412698412697,0.036790800890308596,28
0.21266624927520753,0.0064243236828127066,0.0009394407272338868,0.00011928398891346303,0.001,-1,320,0,"{'learning_rate': 0.001, 'max_depth': -1, 'n_estimators': 320, 'reg_lambda': 0}",0.8571428571428571,0.8888888888888888,0.9259259259259259,0.8888888888888888,0.8888888888888888,0.8148148148148148,0.8148148148148148,0.8518518518518519,0.8518518518518519,0.8518518518518519,0.8634920634920634,0.033194470140440475,27
0.4302870750427246,0.013719565493247099,0.001006484031677246,6.425389553481542e-05,0.001,-1,640,0,"{'learning_rate': 0.001, 'max_depth': -1, 'n_estimators': 640, 'reg_lambda': 0}",0.8571428571428571,0.9259259259259259,0.8888888888888888,0.8888888888888888,0.8888888888888888,0.8888888888888888,0.9259259259259259,0.8888888888888888,0.8518518518518519,0.8888888888888888,0.8894179894179894,0.02262794156650064,24
0.032855653762817384,0.0007962063265559051,0.0007231712341308593,1.5177285556211424e-05,0.01,-1,40,0,"{'learning_rate': 0.01, 'max_depth': -1, 'n_estimators': 40, 'reg_lambda': 0}",0.8571428571428571,0.9259259259259259,0.9259259259259259,0.8888888888888888,0.8888888888888888,0.8148148148148148,0.8518518518518519,0.8518518518518519,0.8518518518518519,0.8518518518518519,0.8708994708994708,0.03389548651438511,26
0.059793496131896974,0.002183587358649738,0.0007673501968383789,0.00010787987567806108,0.01,-1,80,0,"{'learning_rate': 0.01, 'max_depth': -1, 'n_estimators': 80, 'reg_lambda': 0}",0.8571428571428571,0.9259259259259259,0.8888888888888888,0.8518518518518519,0.8888888888888888,0.8888888888888888,0.9259259259259259,0.9259259259259259,0.8518518518518519,0.8888888888888888,0.8894179894179894,0.02804232804232805,24
0.11219820976257325,0.0014415010613955518,0.0008743524551391602,0.00015395760628036017,0.01,-1,160,0,"{'learning_rate': 0.01, 'max_depth': -1, 'n_estimators': 160, 'reg_lambda': 0}",0.8571428571428571,0.9259259259259259,0.9259259259259259,0.8518518518518519,0.9629629629629629,0.9259259259259259,0.9259259259259259,0.9259259259259259,0.9259259259259259,1.0,0.9227513227513228,0.04120195202948526,23
0.22193212509155275,0.0029258970462597896,0.0009725093841552734,7.90907415392054e-05,0.01,-1,320,0,"{'learning_rate': 0.01, 'max_depth': -1, 'n_estimators': 320, 'reg_lambda': 0}",0.9285714285714286,0.9629629629629629,0.9259259259259259,0.8888888888888888,1.0,0.9259259259259259,0.9259259259259259,0.8888888888888888,0.9629629629629629,0.9629629629629629,0.9373015873015875,0.03325450492678533,22
0.45873637199401857,0.005980392997243322,0.0011156797409057617,0.00010114677454103714,0.01,-1,640,0,"{'learning_rate': 0.01, 'max_depth': -1, 'n_estimators': 640, 'reg_lambda': 0}",0.9285714285714286,0.9629629629629629,0.9629629629629629,0.8888888888888888,1.0,0.9259259259259259,0.9259259259259259,0.9259259259259259,0.9629629629629629,1.0,0.9484126984126984,0.03378069665552047,10
0.03428218364715576,0.0010538125386037724,0.0007896184921264649,0.00010715478688381342,0.1,-1,40,0,"{'learning_rate': 0.1, 'max_depth': -1, 'n_estimators': 40, 'reg_lambda': 0}",0.9285714285714286,0.8888888888888888,0.9629629629629629,0.8888888888888888,1.0,0.9259259259259259,0.9259259259259259,0.9259259259259259,0.9629629629629629,1.0,0.941005291005291,0.03767496718256547,20
0.06545162200927734,0.0011104298316110747,0.0007781505584716797,6.585937700741442e-05,0.1,-1,80,0,"{'learning_rate': 0.1, 'max_depth': -1, 'n_estimators': 80, 'reg_lambda': 0}",0.9285714285714286,0.9259259259259259,0.9629629629629629,0.8888888888888888,1.0,0.9259259259259259,0.9259259259259259,0.9259259259259259,0.9629629629629629,0.9629629629629629,0.9410052910052912,0.029507733007031283,19
0.1240145206451416,0.0014410703438936438,0.000864410400390625,8.607763950819471e-05,0.1,-1,160,0,"{'learning_rate': 0.1, 'max_depth': -1, 'n_estimators': 160, 'reg_lambda': 0}",0.9642857142857143,0.9629629629629629,0.9629629629629629,0.8888888888888888,1.0,0.9259259259259259,0.9259259259259259,0.8888888888888888,0.9629629629629629,0.9629629629629629,0.9445767195767196,0.03422042292227179,18
0.1501552104949951,0.005400022851978838,0.000918436050415039,0.00012493810562542768,0.1,-1,320,0,"{'learning_rate': 0.1, 'max_depth': -1, 'n_estimators': 320, 'reg_lambda': 0}",0.9642857142857143,0.9629629629629629,0.9629629629629629,0.8888888888888888,1.0,0.9259259259259259,0.9259259259259259,0.8888888888888888,0.9629629629629629,1.0,0.9482804232804233,0.037824443559109446,15
0.16785891056060792,0.0014901476133833086,0.0008591175079345703,5.630094089554195e-05,0.1,-1,640,0,"{'learning_rate': 0.1, 'max_depth': -1, 'n_estimators': 640, 'reg_lambda': 0}",0.9642857142857143,0.9629629629629629,0.9629629629629629,0.8888888888888888,1.0,0.9259259259259259,0.9259259259259259,0.8888888888888888,0.9629629629629629,1.0,0.9482804232804233,0.037824443559109446,15
0.0356356143951416,0.0007891365921858255,0.0007781744003295899,6.771863721644189e-05,0.2,-1,40,0,"{'learning_rate': 0.2, 'max_depth': -1, 'n_estimators': 40, 'reg_lambda': 0}",0.8928571428571429,0.9629629629629629,0.9259259259259259,0.8888888888888888,1.0,0.9259259259259259,0.9259259259259259,0.8888888888888888,0.9629629629629629,1.0,0.9374338624338625,0.040286627727742975,21
0.06515705585479736,0.0010832720834181052,0.0008169174194335938,7.561772899603798e-05,0.2,-1,80,0,"{'learning_rate': 0.2, 'max_depth': -1, 'n_estimators': 80, 'reg_lambda': 0}",0.9285714285714286,0.9629629629629629,0.9629629629629629,0.8888888888888888,1.0,0.9629629629629629,0.9259259259259259,0.8888888888888888,0.9629629629629629,1.0,0.9484126984126984,0.037622917072296015,10
0.07749223709106445,0.0011592908198127675,0.0008461475372314453,5.7397112751259195e-05,0.2,-1,160,0,"{'learning_rate': 0.2, 'max_depth': -1, 'n_estimators': 160, 'reg_lambda': 0}",0.9285714285714286,0.9629629629629629,0.9629629629629629,0.8888888888888888,1.0,0.9259259259259259,0.9629629629629629,0.8888888888888888,0.9629629629629629,1.0,0.9484126984126984,0.037622917072296015,10
0.08885951042175293,0.001451468310082541,0.0008125066757202149,4.824786839950038e-05,0.2,-1,320,0,"{'learning_rate': 0.2, 'max_depth': -1, 'n_estimators': 320, 'reg_lambda': 0}",0.9285714285714286,0.9629629629629629,0.9629629629629629,0.8888888888888888,1.0,0.9259259259259259,0.9629629629629629,0.8888888888888888,0.9629629629629629,1.0,0.9484126984126984,0.037622917072296015,10
0.11167037487030029,0.006383979521435401,0.0008106708526611328,3.773101884323309e-05,0.2,-1,640,0,"{'learning_rate': 0.2, 'max_depth': -1, 'n_estimators': 640, 'reg_lambda': 0}",0.9285714285714286,0.9629629629629629,0.9629629629629629,0.8888888888888888,1.0,0.9259259259259259,0.9629629629629629,0.8888888888888888,0.9629629629629629,1.0,0.9484126984126984,0.037622917072296015,10
0.03353407382965088,0.0005423014143568479,0.000779271125793457,8.333609293042855e-05,0.5,-1,40,0,"{'learning_rate': 0.5, 'max_depth': -1, 'n_estimators': 40, 'reg_lambda': 0}",0.8928571428571429,0.9259259259259259,0.9259259259259259,0.8888888888888888,1.0,0.9259259259259259,0.9259259259259259,0.9629629629629629,1.0,1.0,0.9448412698412699,0.04089013528230592,17
0.03684990406036377,0.0009339716375344897,0.0007621049880981445,8.138502972509002e-05,0.5,-1,80,0,"{'learning_rate': 0.5, 'max_depth': -1, 'n_estimators': 80, 'reg_lambda': 0}",0.8928571428571429,0.9259259259259259,0.9629629629629629,0.8888888888888888,1.0,0.9259259259259259,0.9259259259259259,0.9629629629629629,1.0,1.0,0.9485449735449736,0.040685947142675184,6
0.04160776138305664,0.0011659677984458946,0.0007288455963134766,4.162695535190028e-05,0.5,-1,160,0,"{'learning_rate': 0.5, 'max_depth': -1, 'n_estimators': 160, 'reg_lambda': 0}",0.8928571428571429,0.9259259259259259,0.9629629629629629,0.8888888888888888,1.0,0.9259259259259259,0.9259259259259259,0.9629629629629629,1.0,1.0,0.9485449735449736,0.040685947142675184,6
0.05170550346374512,0.000661902949455847,0.0007677793502807618,0.00010110505508113677,0.5,-1,320,0,"{'learning_rate': 0.5, 'max_depth': -1, 'n_estimators': 320, 'reg_lambda': 0}",0.8928571428571429,0.9259259259259259,0.9629629629629629,0.8888888888888888,1.0,0.9259259259259259,0.9259259259259259,0.9629629629629629,1.0,1.0,0.9485449735449736,0.040685947142675184,6
0.07271039485931396,0.0005391850082460469,0.0007722139358520508,8.57714905838537e-05,0.5,-1,640,0,"{'learning_rate': 0.5, 'max_depth': -1, 'n_estimators': 640, 'reg_lambda': 0}",0.8928571428571429,0.9259259259259259,0.9629629629629629,0.8888888888888888,1.0,0.9259259259259259,0.9259259259259259,0.9629629629629629,1.0,1.0,0.9485449735449736,0.040685947142675184,6
0.021998667716979982,0.0007629990662441487,0.000748753547668457,0.00011278792756564269,1.0,-1,40,0,"{'learning_rate': 1, 'max_depth': -1, 'n_estimators': 40, 'reg_lambda': 0}",0.9285714285714286,0.9629629629629629,1.0,0.8888888888888888,1.0,0.9259259259259259,0.8888888888888888,0.9259259259259259,1.0,1.0,0.9521164021164022,0.04382999930479417,1
0.02497248649597168,0.0014561122310870753,0.0007046699523925781,8.425951405429104e-05,1.0,-1,80,0,"{'learning_rate': 1, 'max_depth': -1, 'n_estimators': 80, 'reg_lambda': 0}",0.9285714285714286,0.9629629629629629,1.0,0.8888888888888888,1.0,0.9259259259259259,0.8888888888888888,0.9259259259259259,1.0,1.0,0.9521164021164022,0.04382999930479417,1
0.02947678565979004,0.0009303910961487499,0.0007072925567626953,6.305846456509115e-05,1.0,-1,160,0,"{'learning_rate': 1, 'max_depth': -1, 'n_estimators': 160, 'reg_lambda': 0}",0.9285714285714286,0.9629629629629629,1.0,0.8888888888888888,1.0,0.9259259259259259,0.8888888888888888,0.9259259259259259,1.0,1.0,0.9521164021164022,0.04382999930479417,1
0.03961808681488037,0.0007721878550440368,0.0007737398147583008,8.601658941270969e-05,1.0,-1,320,0,"{'learning_rate': 1, 'max_depth': -1, 'n_estimators': 320, 'reg_lambda': 0}",0.9285714285714286,0.9629629629629629,1.0,0.8888888888888888,1.0,0.9259259259259259,0.8888888888888888,0.9259259259259259,1.0,1.0,0.9521164021164022,0.04382999930479417,1
0.05895764827728271,0.0021754691454836106,0.000683450698852539,5.45794443466468e-05,1.0,-1,640,0,"{'learning_rate': 1, 'max_depth': -1, 'n_estimators': 640, 'reg_lambda': 0}",0.9285714285714286,0.9629629629629629,1.0,0.8888888888888888,1.0,0.9259259259259259,0.8888888888888888,0.9259259259259259,1.0,1.0,0.9521164021164022,0.04382999930479417,1
